playlist_id,track_id
37i9dQZF1DXcZDD7cfEKhW,75FpbthrwQmzHlBJLuGdC7
37i9dQZF1DXcZDD7cfEKhW,55nMnifaQWKe3f9cbwOXwx
37i9dQZF1DXcZDD7cfEKhW,3TjLsDgL0bTbSQIF6M5Ki8
37i9dQZF1DXcZDD7cfEKhW,1mC2UjWt25Oixtqu7C6suL
37i9dQZF1DXcZDD7cfEKhW,4sqABRRGU7CzcHXCyxUzFw
37i9dQZF1DXcZDD7cfEKhW,7FDaS1k08rwMoAThmzUkOZ
37i9dQZF1DXcZDD7cfEKhW,4RaN7556EogBfF80klMEX2
37i9dQZF1DWZQaaqNMbbXa,05CwHjIk71RXVU40boRMnR
37i9dQZF1DWZQaaqNMbbXa,6wo37KVqFJhtuxPTpLCcfe
37i9dQZF1DWZQaaqNMbbXa,1ahVFh0ViDZr8LvkEVlq3B
37i9dQZF1DWZQaaqNMbbXa,4aTtHoSBB0CuQGA6vXBNyp
37i9dQZF1DWZQaaqNMbbXa,7BKLCZ1jbUBVqRi2FVlTVw
37i9dQZF1DWZQaaqNMbbXa,3ebXMykcMXOcLeJ9xZ17XH
37i9dQZF1DWZQaaqNMbbXa,762UXiwEHYY97VL45sAUPR
37i9dQZF1DWZQaaqNMbbXa,6RUKPb4LETWmmr3iAEQktW
37i9dQZF1DWZQaaqNMbbXa,3vv9phIu6Y1vX3jcqaGz5Z
37i9dQZF1DWZQaaqNMbbXa,3tTYxjYYcXFqFXA0AZ1Fav
37i9dQZF1DWZQaaqNMbbXa,0lHAMNU8RGiIObScrsRgmP
37i9dQZF1DX2ENAPP1Tyed,0U6bQIAh6MCGo1xjbIIx2S
37i9dQZF1DX2ENAPP1Tyed,5EdYlCWou17k0N1PADLKfO
37i9dQZF1DX2ENAPP1Tyed,4YhN72dRYL2Z3MsaKyT7rS
37i9dQZF1DX2ENAPP1Tyed,7pWK1kMgHy5lNNiIfuRbkP
37i9dQZF1DX2ENAPP1Tyed,3GT2CBmJWIEdCpHiB31WYK
37i9dQZF1DWSJHnPb1f0X3,5YN0zHycJ0Yxz31A5QsVov
37i9dQZF1DWSJHnPb1f0X3,3eW2EDwNRAiQKkgom96dUa
37i9dQZF1DWSJHnPb1f0X3,4huh5oqBz9RkgpzAkyuEAs
37i9dQZF1DWSJHnPb1f0X3,4Tvw0lweq9l2JPQKFbpbBQ
37i9dQZF1DX6pH08wMhkaI,7Feaw9WAEREY0DUOSXJLOM
37i9dQZF1DX3PIAZMcbo2T,4ut5G4rgB1ClpMTMfjoIuy
37i9dQZF1DX3PIAZMcbo2T,7IWTIkiWGWNQyYfOLdMrGD
37i9dQZF1DX3PIAZMcbo2T,47knrBbYhqtrggWYSkU6h1
37i9dQZF1DX3PIAZMcbo2T,6RnkFd8Fqqgk1Uni8RgqCQ
37i9dQZF1DX3PIAZMcbo2T,23L5CiUhw2jV1OIMwthR3S
0B2HdP15IucgE0vk3sluJR,0PCRR19Pf4iiuvSrPxtQ0x
0B2HdP15IucgE0vk3sluJR,3pWcj8hxj3fsb9TDAcMpEl
0B2HdP15IucgE0vk3sluJR,50RJdoxw8iajGNtHQe6QeS
0B2HdP15IucgE0vk3sluJR,5EwwwdsQfKI8ZnFG93j5Zu
0B2HdP15IucgE0vk3sluJR,15BlympuVSfZFROojEMY2M
0B2HdP15IucgE0vk3sluJR,6xUy203RnyyOfbqf96Nven
0B2HdP15IucgE0vk3sluJR,6F1kPSgdnlSzZRfskE9vaV
0B2HdP15IucgE0vk3sluJR,2i2zYdN4KCkTCDscdMYr87
0B2HdP15IucgE0vk3sluJR,24tVqMiAtv8jmpNPhBEsDY
4SdfG4cPG3skmTiQLozZGh,3TKpJrY9q49Mj1JOsM9zGL
4SdfG4cPG3skmTiQLozZGh,2a3dopgTF1q4rMVDJ1rwBU
4SdfG4cPG3skmTiQLozZGh,5MvLsT03RBp67RLoeISCdl
4SdfG4cPG3skmTiQLozZGh,1Pz3QmQFBFuI60rxCQBeW6
4SdfG4cPG3skmTiQLozZGh,18KjYhghq6K3ZmfcewWDp6
4SdfG4cPG3skmTiQLozZGh,2qv6LU59qyGRzm4X2TFYMl
4SdfG4cPG3skmTiQLozZGh,15vzANxN8G9wWfwAJLLMCg
4SdfG4cPG3skmTiQLozZGh,0YammaEkYSeo9vQYZ1OwS6
4SdfG4cPG3skmTiQLozZGh,11cDEev79fPKi6uJCjUhu8
7eERKCkgNKCCx5GYdeMIZf,1mQ6oxC6caPHPY1siLKNzO
4QAzO1Z92yqqD6Mf3mOANu,1dNIEtp7AY3oDAKCGg2XkH
4QAzO1Z92yqqD6Mf3mOANu,1i1fxkWeaMmKEB4T7zqbzK
46Cl6dmeiylK6TRGXr7hHe,6wo37KVqFJhtuxPTpLCcfe
46Cl6dmeiylK6TRGXr7hHe,1ahVFh0ViDZr8LvkEVlq3B
46Cl6dmeiylK6TRGXr7hHe,4Tvw0lweq9l2JPQKFbpbBQ
46Cl6dmeiylK6TRGXr7hHe,18KjYhghq6K3ZmfcewWDp6
46Cl6dmeiylK6TRGXr7hHe,4ut5G4rgB1ClpMTMfjoIuy
1y42gwI5cuwjBslPyQNfqb,3g0mEQx3NTanacLseoP0Gw
222nc9tKxKhfZ2GBrOpwH3,7BKLCZ1jbUBVqRi2FVlTVw
222nc9tKxKhfZ2GBrOpwH3,0TDLuuLlV54CkRRUOahJb4
6jAPdgY9XmxC9cgkXAVmVv,7hQJA50XrCWABAu5v6QZ4i
6jAPdgY9XmxC9cgkXAVmVv,5Q41NLTmGbVPozwHKK7bk2
4gbXqmZDUFHqlaYjf4uVyS,2a3dopgTF1q4rMVDJ1rwBU
1CMvQ4Yr5DlYvYzI0Vc2UE,76P07ei8drjrenqtvDbefy
6rjxP7GQKoqqgoakzxl3PY,6T27IN7Ai94BeDv6PPCmoC
6rjxP7GQKoqqgoakzxl3PY,127uq83uGFapbddqiMUKky
6rjxP7GQKoqqgoakzxl3PY,2a1o6ZejUi8U3wzzOtCOYw
7kyvBmlc1uSqsTL0EuNLrx,1i1fxkWeaMmKEB4T7zqbzK
7kyvBmlc1uSqsTL0EuNLrx,7BKLCZ1jbUBVqRi2FVlTVw
7kyvBmlc1uSqsTL0EuNLrx,1xznGGDReH1oQq0xzbwXa3
7kyvBmlc1uSqsTL0EuNLrx,1dNIEtp7AY3oDAKCGg2XkH
7kyvBmlc1uSqsTL0EuNLrx,7oY3KqKUERINrawkzIqTgx
7kyvBmlc1uSqsTL0EuNLrx,3A7qX2QjDlPnazUsRk5y0M
7kyvBmlc1uSqsTL0EuNLrx,11KJSRSgaDxqydKYiD2Jew
7kyvBmlc1uSqsTL0EuNLrx,0TDLuuLlV54CkRRUOahJb4
7kyvBmlc1uSqsTL0EuNLrx,3ebXMykcMXOcLeJ9xZ17XH
7kyvBmlc1uSqsTL0EuNLrx,53Y0kdCa1CZ9gRqEuknfwy
4Bi8VLtaSu0JILliif8lH6,15kQGEy89K8deJcZVFEn0N
4Bi8VLtaSu0JILliif8lH6,4ut5G4rgB1ClpMTMfjoIuy
4Bi8VLtaSu0JILliif8lH6,4BiiOzZCrXEzHRLYcYFiD5
4Bi8VLtaSu0JILliif8lH6,0cge96qsW6ifXppeiiRIGd
4Bi8VLtaSu0JILliif8lH6,11cDEev79fPKi6uJCjUhu8
4Bi8VLtaSu0JILliif8lH6,1GxHeBvQ9935Dd3cSfsfBa
4Bi8VLtaSu0JILliif8lH6,4Tvw0lweq9l2JPQKFbpbBQ
4Bi8VLtaSu0JILliif8lH6,1ahVFh0ViDZr8LvkEVlq3B
2UsEj2GUukV0GLbsE3rldz,23L5CiUhw2jV1OIMwthR3S
2UsEj2GUukV0GLbsE3rldz,46NBoIAHrmR7qcUGCIFEjR
2UsEj2GUukV0GLbsE3rldz,3vv9phIu6Y1vX3jcqaGz5Z
2UsEj2GUukV0GLbsE3rldz,0JoaFxLgrqbWutREzcZBzS
2UsEj2GUukV0GLbsE3rldz,7pqgMEKsDMOHUdFQ7n0N9K
2UsEj2GUukV0GLbsE3rldz,1SgdUjvppHnIp6L7DZSnwc
2UsEj2GUukV0GLbsE3rldz,31RuuWQ8XpyLNp5iKMyxWq
2UsEj2GUukV0GLbsE3rldz,6eIacmhkE82vZlMDnGS7aP
2UsEj2GUukV0GLbsE3rldz,1B3t5xC2jzTgjDOwawchu8
2UsEj2GUukV0GLbsE3rldz,4f3uZW3Wc1uO2cN4WJs5nu
2UsEj2GUukV0GLbsE3rldz,6qVXkG01rBYGfxIndGOQ3z
2UsEj2GUukV0GLbsE3rldz,285HeuLxsngjFn4GGegGNm
2UsEj2GUukV0GLbsE3rldz,7ks6AZmFcm3Y6PGGxGSmlB
2UsEj2GUukV0GLbsE3rldz,1UfBAJfmofTffrae5ls6DA
4frhr6RQM2fMOm2mpvOVo6,3FWPoYBDserKdzcattMFGa
4frhr6RQM2fMOm2mpvOVo6,6RUKPb4LETWmmr3iAEQktW
4frhr6RQM2fMOm2mpvOVo6,7crMiinWx373rNBZBaVske
4frhr6RQM2fMOm2mpvOVo6,1Sl3njkhhz8nrSPZroDQ82
4frhr6RQM2fMOm2mpvOVo6,2rizacJSyD9S1IQUxUxnsK
5TiiHps0hNCyQ6ijVkNZQs,0OlnLZY4cmQzT6ZGttvWBM
5TiiHps0hNCyQ6ijVkNZQs,3nc420PXjTdBV5TN0gCFkS
5TiiHps0hNCyQ6ijVkNZQs,1zi7xx7UVEFkmKfv06H8x0
5TiiHps0hNCyQ6ijVkNZQs,6T27IN7Ai94BeDv6PPCmoC
5TiiHps0hNCyQ6ijVkNZQs,5MvLsT03RBp67RLoeISCdl
5TiiHps0hNCyQ6ijVkNZQs,66BjcDhhwWCcQIBxHMpKXh
5TiiHps0hNCyQ6ijVkNZQs,3LxFqieGoMcJSnDVHokSLp
5TiiHps0hNCyQ6ijVkNZQs,4PdJSsESm34djLfBde9Pr2
5TiiHps0hNCyQ6ijVkNZQs,16Cs9KsHzgunxaEfGrXysG
5TiiHps0hNCyQ6ijVkNZQs,55VzNhbcf0Gxf6qRCUAV01
5TiiHps0hNCyQ6ijVkNZQs,6jA8HL9i4QGzsj6fjoxp8Y
5TiiHps0hNCyQ6ijVkNZQs,5nUJym1qItTzwWx2zfSxUb
5TiiHps0hNCyQ6ijVkNZQs,6nLctpnQJiPTxkaSgbPKiw
5TiiHps0hNCyQ6ijVkNZQs,62yjOWjA3tb65zgQWdFNx7
5TiiHps0hNCyQ6ijVkNZQs,7L97R04c6ZaPlU8xSxibQp
44p8nNLe4fGfUeArS3MaIX,2G7V7zsVDxg1yRsu7Ew9RJ
44p8nNLe4fGfUeArS3MaIX,6DCZcSspjsKoFjzjrWoCdn
44p8nNLe4fGfUeArS3MaIX,6RnkFd8Fqqgk1Uni8RgqCQ
44p8nNLe4fGfUeArS3MaIX,4EAV2cKiqKP5UPZmY6dejk
44p8nNLe4fGfUeArS3MaIX,12VWzyPDBCc8fqeWCAfNwR
44p8nNLe4fGfUeArS3MaIX,7hDc8b7IXETo14hHIHdnhd
44p8nNLe4fGfUeArS3MaIX,3O8NlPh2LByMU9lSRSHedm
23swqzpOZwW1NhPiZ7iyFI,7rn94fZKrOwHunAgWtvJUs
23swqzpOZwW1NhPiZ7iyFI,6EsH66Uto1zwZlDGQ6RokU
23swqzpOZwW1NhPiZ7iyFI,73TU1voolT9RHWGLOHyM0J
65HtIbyFkaQPflCa4oW8KO,1lpFXKKckqVkyAN1lPwwC2
65HtIbyFkaQPflCa4oW8KO,0bVtevEgtDIeRjCJbK3Lmv
65HtIbyFkaQPflCa4oW8KO,7o2CTH4ctstm8TNelqjb51
0cuHKz65ZPqBX1brG8djlg,1KeZgPUr54C8iz3FjqzVoz
0cuHKz65ZPqBX1brG8djlg,24tVqMiAtv8jmpNPhBEsDY
1kEczIkZH8IgaWT2BiApxZ,6nmz4imkDcmtwMjocAzFSx
1kEczIkZH8IgaWT2BiApxZ,3UN6cIn3VIyg0z1LCuFSum
4ZO0wp9G8FA3X6oYNBzda6,7BKLCZ1jbUBVqRi2FVlTVw
4ZO0wp9G8FA3X6oYNBzda6,2rizacJSyD9S1IQUxUxnsK
4ZO0wp9G8FA3X6oYNBzda6,5brMyscUnQg14hMriS91ks
6MQeEHHDs6HQkN5Dlj3oKo,12VWzyPDBCc8fqeWCAfNwR
6MQeEHHDs6HQkN5Dlj3oKo,6wo37KVqFJhtuxPTpLCcfe
6MQeEHHDs6HQkN5Dlj3oKo,4XnoRlIGtEOaqvQWFNsH8H
6MQeEHHDs6HQkN5Dlj3oKo,05CwHjIk71RXVU40boRMnR
6MQeEHHDs6HQkN5Dlj3oKo,1ahVFh0ViDZr8LvkEVlq3B
6MQeEHHDs6HQkN5Dlj3oKo,11cDEev79fPKi6uJCjUhu8
6MQeEHHDs6HQkN5Dlj3oKo,6RnkFd8Fqqgk1Uni8RgqCQ
6MQeEHHDs6HQkN5Dlj3oKo,6jA8HL9i4QGzsj6fjoxp8Y
5qFXOOxrQVyS4UCq3UilZN,1ywuaylLSmjHXsZOr0CY9U
49qyKvg6UAQAvIMUIGMnP3,3vv9phIu6Y1vX3jcqaGz5Z
49qyKvg6UAQAvIMUIGMnP3,1i1fxkWeaMmKEB4T7zqbzK
37i9dQZF1DWY6tYEFs22tT,5r7WvQtyPfy1xch5zMgGRp
37i9dQZF1DWUFmyho2wkQU,1GxHeBvQ9935Dd3cSfsfBa
37i9dQZF1DWUFmyho2wkQU,6BdgtqiV3oXNqBikezwdvC
37i9dQZF1DWT5MrZnPU1zD,5ry2OE6R2zPQFDO85XkgRb
37i9dQZF1DWT5MrZnPU1zD,4EAV2cKiqKP5UPZmY6dejk
37i9dQZF1DWT5MrZnPU1zD,3e7Y6sfFlIdBMJhX7wpqVO
37i9dQZF1DWT5MrZnPU1zD,4Sj8JZ9zZfl8HaOav5yTVq
37i9dQZF1DWT5MrZnPU1zD,2XW4DbS6NddZxRPm5rMCeY
37i9dQZF1DWT5MrZnPU1zD,7cGFbx7MP0H23iHZTZpqMM
37i9dQZF1DWT5MrZnPU1zD,0lwkTJnLBVWvEnxtku7Msy
37i9dQZF1DWT5MrZnPU1zD,1cTZMwcBJT0Ka3UJPXOeeN
37i9dQZF1DWT5MrZnPU1zD,5lFDtgWsjRJu8fPOAyJIAK
37i9dQZF1DWT5MrZnPU1zD,27GmP9AWRs744SzKcpJsTZ
37i9dQZF1DWT5MrZnPU1zD,6HSqyfGnsHYw9MmIpa9zlZ
37i9dQZF1DX48TTZL62Yht,2Vx8E3K5icPZR7OCklWBXX
37i9dQZF1DWVdgXTbYm2r0,4B7fTyj1FIPvP9tT5X3DnR
37i9dQZF1DWTIuAboZgTMf,5AebNkVaY2zcdNFCqPBIV7
37i9dQZF1DWTIuAboZgTMf,4EQSeRRJmk3h3HQ5KlkzVy
37i9dQZF1DWTIuAboZgTMf,2MuMD298IpYqKF367wegUd
37i9dQZF1DWTIuAboZgTMf,2CqMWqcHywYRvwzdw2Wh4P
37i9dQZF1DWTIuAboZgTMf,0XIsaklmegqPEdOr38DVEt
37i9dQZF1DWTIuAboZgTMf,43IfdE75ficQgsI8QGBvwb
37i9dQZF1DWTIuAboZgTMf,3Z6O6zNyxqmqevwy5Dy4cs
37i9dQZF1DWTIuAboZgTMf,45uPKvMUFmObuDYka9AnKa
37i9dQZF1DWTIuAboZgTMf,2SDFznsHkeFXiPFwN0npVM
37i9dQZF1DWTIuAboZgTMf,5sCwso3aURYAdieWEFI1nE
37i9dQZF1DWTIuAboZgTMf,0ZN72tCEgbwPXEtj6TPMxK
37i9dQZF1DWTIuAboZgTMf,6R59nB9CEaOqrRVxu7JAoR
37i9dQZF1DWTIuAboZgTMf,6uS8KevqrhUjVjFZfWxsTh
37i9dQZF1DWTIuAboZgTMf,1JIgaRnqtzS7DuGM3hVZU9
37i9dQZF1DWTIuAboZgTMf,3SoJfUu95PNVx1rmcXwGsL
37i9dQZF1DWTIuAboZgTMf,0fpzjL5pP2M8sWifmQqLZn
37i9dQZF1DWTIuAboZgTMf,2lef7yeg5qkPNt0ptulqfW
37i9dQZF1DWTIuAboZgTMf,5JDwLHI2YUkFSFSn4g5pGd
37i9dQZF1DWTIuAboZgTMf,17N5FdRwJuv3UXQ7MHnbhF
37i9dQZF1DWTIuAboZgTMf,66urf1ZXFy4qVKdNqcdbaZ
37i9dQZF1DWTIuAboZgTMf,5tz69p7tJuGPeMGwNTxYuV
37i9dQZF1DWTIuAboZgTMf,2Egoo3acImq7hV6TfYV90E
37i9dQZF1DWTIuAboZgTMf,5ZcMWSpUeUPvO87FkSZbJB
37i9dQZF1DWTIuAboZgTMf,4CstQ0SUkl0YkoeZkIZlIx
37i9dQZF1DWTIuAboZgTMf,1FmdAhS8FqRoEJ4jcSfuKZ
37i9dQZF1DWTIuAboZgTMf,7rKKh8AGVXuNXgLBpTBTFH
37i9dQZF1DWTIuAboZgTMf,2zIAPysksDdMAiG33qH6kW
37i9dQZF1DWTIuAboZgTMf,7BKUWh5sdtdS17crohRe4L
37i9dQZF1DWTIuAboZgTMf,3s3VVLE1kB7Xk2AoJKlGmr
37i9dQZF1DWTIuAboZgTMf,1GtVGc1UYin3zpMUdNSSpM
37i9dQZF1DWTIuAboZgTMf,7u90MSvVyEjL0c8icaE7jl
37i9dQZF1DWTIuAboZgTMf,4fZxGiES1FKbNqJPrI4L3s
37i9dQZF1DWTIuAboZgTMf,0jqBo5RYn008f4ZY8kPewW
37i9dQZF1DWTIuAboZgTMf,0D5CXSUx8GOCHSY8KWgi9h
37i9dQZF1DWTIuAboZgTMf,2c8sgbZoEanC3QyFNZxUcA
37i9dQZF1DWTIuAboZgTMf,1Kp6WFxRzc0sRBmGSgIYat
37i9dQZF1DWTIuAboZgTMf,4s2BWgnSQ9NZiOQM4PP4HB
37i9dQZF1DWTIuAboZgTMf,7cj7vEylXFN6Lfjj183A3f
37i9dQZF1DWTIuAboZgTMf,6HN5XPJEV31RQJGoyqZ81K
37i9dQZF1DWTIuAboZgTMf,1py4qzrEEkOvU8uTHYLuOW
37i9dQZF1DWTIuAboZgTMf,4q6oNFTjZmJqkIgPdp8iR1
37i9dQZF1DWTIuAboZgTMf,3lWCa9e0KhDghboM5L9C6d
37i9dQZF1DWTIuAboZgTMf,6bM3GKo47KVgvj3gHdWS0U
37i9dQZF1DWTIuAboZgTMf,7fRfIvHPH6bHdMDjPFwTMh
37i9dQZF1DWTIuAboZgTMf,0KiKfllNTmhImvXVIHqR0z
37i9dQZF1DWTIuAboZgTMf,39Q27NGvm812YC9PJkXTSi
37i9dQZF1DWTIuAboZgTMf,1BTj47Up5m8601KOFrTvkj
37i9dQZF1DWTIuAboZgTMf,6vKXDgJmquMzFSVBCH55Nc
37i9dQZF1DWTIuAboZgTMf,7qT7NUDywO7vNJNTNxqWiN
37i9dQZF1DWTIuAboZgTMf,6XoAT50mgAcIDpYXRqWOnV
37i9dQZF1DWTIuAboZgTMf,1JFx9R87En9oJOi4DRH1e9
37i9dQZF1DWTIuAboZgTMf,4Mr73gFwZUeFnrfRov23we
37i9dQZF1DWTIuAboZgTMf,4QRWA5UqYU1st9aO0UfxOj
37i9dQZF1DWTIuAboZgTMf,4dVJyyeCPEONr44NIrXvie
37i9dQZF1DWTIuAboZgTMf,4npTFQuKygDyXdExVLJ2de
37i9dQZF1DWTIuAboZgTMf,4iq3zHwgHSxstFvYw4yIsQ
37i9dQZF1DWTIuAboZgTMf,2gOYY2glUc6XMTnzBG59I4
0Hr2h94pKN8QAGVAgD6BsD,7BKLCZ1jbUBVqRi2FVlTVw
0Hr2h94pKN8QAGVAgD6BsD,1xznGGDReH1oQq0xzbwXa3
0Hr2h94pKN8QAGVAgD6BsD,46gjYTEK7W8ZTABcglGP2f
3jPkaExIWXQWklcmmF5180,51sVgPeBHYwbeM1cWegVqR
3jPkaExIWXQWklcmmF5180,2bjwRfXMk4uRgOD9IBYl9h
3jPkaExIWXQWklcmmF5180,6UjfByV1lDLW0SOVQA4NAi
3jPkaExIWXQWklcmmF5180,5f5r2N4Lp9WoULWPH9zp2W
3jPkaExIWXQWklcmmF5180,0XpEoWpZqlQpGFYZXDU2Hj
3jPkaExIWXQWklcmmF5180,77mLzdHEWRB60CLlV02TV2
3jPkaExIWXQWklcmmF5180,6OQea06z3cbOqYgG2O6eOZ
0275i1VNfBnsNbPl0QIBpG,0q7LGcVSpsIoSbjChtZ8lI
0275i1VNfBnsNbPl0QIBpG,6OnpdpwV97cpg5dHhtYWXL
0275i1VNfBnsNbPl0QIBpG,49ySwzAyvxcNXOkOP6ZB1L
0275i1VNfBnsNbPl0QIBpG,0Bpkq4z0VfjkO7kUME8gks
0275i1VNfBnsNbPl0QIBpG,0FyBloIEdLS3f3SodFiju1
5DyJsJZOpMJh34WvUrQzMV,1i1fxkWeaMmKEB4T7zqbzK
5DyJsJZOpMJh34WvUrQzMV,6F609ICg9Spjrw1epsAnpa
5DyJsJZOpMJh34WvUrQzMV,4Kz4RdRCceaA9VgTqBhBfa
5DyJsJZOpMJh34WvUrQzMV,11KJSRSgaDxqydKYiD2Jew
5DyJsJZOpMJh34WvUrQzMV,5YPMEOJ58kfl56VHxTgwx3
5DyJsJZOpMJh34WvUrQzMV,7KPr0YxECy4Q1k2F17Sa0Q
5DyJsJZOpMJh34WvUrQzMV,5hxyXBPrfox78jdLaSAjwg
5DyJsJZOpMJh34WvUrQzMV,1toz8k7rYIw4FS5jOSXxYH
5DyJsJZOpMJh34WvUrQzMV,4OqlUZGcMmd2s0SXxd8Jn3
5DyJsJZOpMJh34WvUrQzMV,0hGSr4bb26syMkhIiPGNNe
6m0BqpJfSP2m5xCOFjDRHw,2Vx8E3K5icPZR7OCklWBXX
6m0BqpJfSP2m5xCOFjDRHw,5ry2OE6R2zPQFDO85XkgRb
6m0BqpJfSP2m5xCOFjDRHw,2VWbHHhWnMzKWPUs4IEEW9
1Z1gW89x4MSBjkvVjGg7DQ,2ExePm1EBdSJkr4Y4Nc50z
1Z1gW89x4MSBjkvVjGg7DQ,46gjYTEK7W8ZTABcglGP2f
1Z1gW89x4MSBjkvVjGg7DQ,5lFDtgWsjRJu8fPOAyJIAK
1Z1gW89x4MSBjkvVjGg7DQ,2jTujnt0y344ai1rNOywgr
1Z1gW89x4MSBjkvVjGg7DQ,5r7WvQtyPfy1xch5zMgGRp
37i9dQZF1DX1OIMC8iDi74,3K01yfjGY0NslZrXkWVAtK
5aPwKjwNHr6dnCejLcPTVx,33ecyF2OHCK4HFUSp1hItE
5aPwKjwNHr6dnCejLcPTVx,15BlympuVSfZFROojEMY2M
5aPwKjwNHr6dnCejLcPTVx,5QcSDOm6mcvFDl7KBT1fHv
5aPwKjwNHr6dnCejLcPTVx,185CVwvQgfW5QXXeuLv7Rl
7tkgK1tm9hYkWp7EFyOcAr,5ry2OE6R2zPQFDO85XkgRb
7tkgK1tm9hYkWp7EFyOcAr,5iemvGR1EraL9s3XvohIP3
7tkgK1tm9hYkWp7EFyOcAr,3iZ8223bfKeY87iTdcRMtJ
37i9dQZF1DX74DnfGTwugU,3YBZIN3rekqsKxbJc9FZko
37i9dQZF1DX74DnfGTwugU,5tqSUxm3Wpql0dlLMrIAp1
37i9dQZF1DX74DnfGTwugU,0bVtevEgtDIeRjCJbK3Lmv
37i9dQZF1DX74DnfGTwugU,63HA3dpnOmdDcazJ9sDfrh
37i9dQZF1DX74DnfGTwugU,2vNw57KPaYDzkyPxXYUORX
37i9dQZF1DX74DnfGTwugU,7o2CTH4ctstm8TNelqjb51
37i9dQZF1DX74DnfGTwugU,5x6alRKb9sdCidGQz5luEd
37i9dQZF1DX74DnfGTwugU,4DnEyHNO8MdhFYFrDq73BV
37i9dQZF1DX74DnfGTwugU,2C4aYxNpoPkmoZ3ZdPeuOB
37i9dQZF1DX74DnfGTwugU,0ZEhlT9v8CdOKu55zhYGv9
37i9dQZF1DX74DnfGTwugU,2dyfo7lqKI7NtSAhUZwnoJ
37i9dQZF1DX74DnfGTwugU,267z5eJwlfiP5FZ3CklTtK
37i9dQZF1DX74DnfGTwugU,0GQuzKlkH0otZ01oMFzsSu
37i9dQZF1DX74DnfGTwugU,7iLeu3HnJt7hkxfrqO55V4
37i9dQZF1DX74DnfGTwugU,5j6WdDC183izbbjedKsSAe
37i9dQZF1DX74DnfGTwugU,04MNKrAnzrHDUzuXAtNoLr
37i9dQZF1DX74DnfGTwugU,09PTdECef2Uxix7ma0HCxs
37i9dQZF1DX74DnfGTwugU,7D5n2kpYH2WSqIyEO9MeXf
37i9dQZF1DX74DnfGTwugU,2uduMoxSNLkDBhyLS2JroT
37i9dQZF1DX74DnfGTwugU,46AtSShP5IL2Ls3uHpxmt8
37i9dQZF1DX74DnfGTwugU,0EHzXpyi1swR8sMpbVHcLJ
37i9dQZF1DX74DnfGTwugU,3qjLlHdGbwDQYKYldJp56p
37i9dQZF1DX74DnfGTwugU,2PrmCyoClC4ulLJR42z74O
37i9dQZF1DX74DnfGTwugU,3E5yOnpyHFerNmTVGn8ZXd
37i9dQZF1DX74DnfGTwugU,0ivarc4umuzp5I3J7lPDJc
37i9dQZF1DX74DnfGTwugU,39WoLsd8lNAdmYLr7z5o5G
37i9dQZF1DX74DnfGTwugU,4BZdQn690mETPLKmNDhbGi
37i9dQZF1DX74DnfGTwugU,5dlAkAIEusU1FJcyaYMgVm
37i9dQZF1DX74DnfGTwugU,1416zt0Z35YVGt97dXMbxu
37i9dQZF1DX74DnfGTwugU,3kSsbFBOdaflBNNJkiG1ja
37i9dQZF1DX74DnfGTwugU,3nW5v0Htr1ySk8czTJIA2V
37i9dQZF1DX74DnfGTwugU,4g9TfQAiEN6lDNRJJsiU9T
37i9dQZF1DX74DnfGTwugU,6fx2QjZU1Pf5DsHXMdGt0W
37i9dQZF1DX74DnfGTwugU,0SvH3iaSrSb8zZnMCEis6C
37i9dQZF1DX74DnfGTwugU,2foNAckCzsyD0HJUbmhTZJ
37i9dQZF1DX74DnfGTwugU,2lWfuwRnN6aSk50TPx6eCk
37i9dQZF1DX74DnfGTwugU,1kq4BX4zZHyr4O5cJGcduh
37i9dQZF1DX74DnfGTwugU,2dsamqceYOKqLNx2Ch6Zhz
37i9dQZF1DX74DnfGTwugU,638OrV0KtFGrxvLoAUvxCY
37i9dQZF1DX74DnfGTwugU,4vtXsXvSYaTfKQ0dJXbJGu
37i9dQZF1DX74DnfGTwugU,5bGxSfPQfAsC6sBcHT3aZs
37i9dQZF1DX74DnfGTwugU,2FEWcWHnDmGD6WSqpW4VYu
37i9dQZF1DX74DnfGTwugU,1JIQmOrYNMohZ8oygnm9Bg
37i9dQZF1DX74DnfGTwugU,2da7wnI5OoV89TsdKMM81k
37i9dQZF1DX74DnfGTwugU,0yqcmfdOv3RuDXKaloCKxY
6LJtRKgDpzM8ZbbwC0jLhe,1lCRw5FEZ1gPDNPzy1K4zW
1bMYfBHYBCRHY5LGkjlpSy,1CnN9udhDokm7lARZjMji2
1bMYfBHYBCRHY5LGkjlpSy,45Zo6ftGzq6wRckCUrMoBJ
1bMYfBHYBCRHY5LGkjlpSy,54flyrjcdnQdco7300avMJ
1uKFRCQYci8kVgMy3xzTVH,10kmdx4OFs3OHwGa1CfYOF
3E88dLx4fgFYY70gdGzdnB,4Y1pFoYkE9aulSGRD39nqU
3E88dLx4fgFYY70gdGzdnB,6PT7wUJefYPEU1lX1lcLRJ
3E88dLx4fgFYY70gdGzdnB,385Urz8Qa8CIcK9tl3SA8g
3E88dLx4fgFYY70gdGzdnB,3G0FqZoEi8Za1oEXdGYcNG
3E88dLx4fgFYY70gdGzdnB,6wSIhcotMYMwAwcO21uZCl
3E88dLx4fgFYY70gdGzdnB,2msar6CW5wBQlhm3YCYPTa
3E88dLx4fgFYY70gdGzdnB,16SdVJYuXEufNaMgGv4d4A
3E88dLx4fgFYY70gdGzdnB,1zK7i2QyuCmpYE209BMcPZ
3E88dLx4fgFYY70gdGzdnB,4caYbCanhI1iKxVsLETOh1
3E88dLx4fgFYY70gdGzdnB,6Si9ImvDVWAgjX3pfsldGM
3E88dLx4fgFYY70gdGzdnB,3T0wVh9SHCwI0NtMoqPnbm
3E88dLx4fgFYY70gdGzdnB,4jhf92TFSbLis5IFBEgimq
3E88dLx4fgFYY70gdGzdnB,0TiXAAVOLdhZnto4Kwsgtm
3E88dLx4fgFYY70gdGzdnB,520tzZUTVcjEmxiTjYNj7y
3E88dLx4fgFYY70gdGzdnB,5Ztwhn7zR0q7wRe2ZZsrmN
3E88dLx4fgFYY70gdGzdnB,5d7gSSTkL4syrnxli8dLYJ
3E88dLx4fgFYY70gdGzdnB,1rzyMlUqq6MvTvzZYdB3C3
3E88dLx4fgFYY70gdGzdnB,04XOESV0aVnKMlUU1NhIG1
3E88dLx4fgFYY70gdGzdnB,4FX8fPOIDRR2voDqOkfeKk
3E88dLx4fgFYY70gdGzdnB,6yDXKV8vEcJQgFievS1SbZ
3E88dLx4fgFYY70gdGzdnB,1qP7KmHJbzvV8KsFPhW8wY
3E88dLx4fgFYY70gdGzdnB,5XL2uuMLIYLefXJsxmLXus
3E88dLx4fgFYY70gdGzdnB,2AKOOhml62GZNFWDN7VqzT
3E88dLx4fgFYY70gdGzdnB,5m53JNox7zkJDMfoeLEa8D
3E88dLx4fgFYY70gdGzdnB,0oHH9pt7O822uyspUQW0NW
3E88dLx4fgFYY70gdGzdnB,3PnczrUPUE8F2gDYw4Eyt5
3E88dLx4fgFYY70gdGzdnB,2DRRh5Q7WJtMt11MDMlC70
3E88dLx4fgFYY70gdGzdnB,18a6Hmy684ySE4RX3evAqJ
3E88dLx4fgFYY70gdGzdnB,489S9D7zr1jSMlNZHLnKKX
3E88dLx4fgFYY70gdGzdnB,2qdpQrNXOuGGGvFmbKGpZM
3E88dLx4fgFYY70gdGzdnB,1Pq0jcWJlEYBgteQ1triQq
3E88dLx4fgFYY70gdGzdnB,2eSAEd4El60OeatNib90TT
3E88dLx4fgFYY70gdGzdnB,1zqzDv6vyh8JUHiG4yaElS
3E88dLx4fgFYY70gdGzdnB,4cw0I3t6oxDCmnI1XGL0A2
3E88dLx4fgFYY70gdGzdnB,1cN13ivH3D66m9DoW2Z7iU
3E88dLx4fgFYY70gdGzdnB,1DL2gvMBTCFmg2dREI9Lwp
3E88dLx4fgFYY70gdGzdnB,253ewjP2R1LjKqA70mGdnk
3E88dLx4fgFYY70gdGzdnB,4vhVDkSx9RSb2k6mWFMYNI
3E88dLx4fgFYY70gdGzdnB,6aNP9GlBi3VHPXl7w3Qjr9
3E88dLx4fgFYY70gdGzdnB,0K4USWqV0DZZ5sffa3wxh0
3E88dLx4fgFYY70gdGzdnB,0VU7avDE4OZ36oVmLPSEZA
3E88dLx4fgFYY70gdGzdnB,6C3wj5V8mqLYtYqgJCABZW
3E88dLx4fgFYY70gdGzdnB,2BlNyI35idBaI6BN6WGZeQ
3E88dLx4fgFYY70gdGzdnB,5ajVHIX0J3vyUmPhqCBx9U
3E88dLx4fgFYY70gdGzdnB,4u7EnebtmKWzUH433cf5Qv
3E88dLx4fgFYY70gdGzdnB,2ISPUUp4pzssWuR2Ic09vR
3E88dLx4fgFYY70gdGzdnB,6In9ynCY22Ed1YRhpLMZLl
3E88dLx4fgFYY70gdGzdnB,6CD2NyrQ5rHmik1DjhdDdn
3E88dLx4fgFYY70gdGzdnB,5L8t6EbGKFKc6MQlqQzYZz
3E88dLx4fgFYY70gdGzdnB,62daWSLgfeezIl4MTQFb08
3E88dLx4fgFYY70gdGzdnB,6susMmS2fohWe6TSlOfi1O
3E88dLx4fgFYY70gdGzdnB,2u9vZyQU7Ld88MJ35nS55u
3E88dLx4fgFYY70gdGzdnB,0YI4wdf0gMuM3CgzrRslur
3E88dLx4fgFYY70gdGzdnB,7mg3XY5ti0yzp8RZL939Da
3E88dLx4fgFYY70gdGzdnB,3yuJVbCLjxcu0T6bZoiWXg
3E88dLx4fgFYY70gdGzdnB,4OOuZMDLHw37tWy9XJu3F7
3E88dLx4fgFYY70gdGzdnB,4pbJqGIASGPr0ZpGpnWkDn
3E88dLx4fgFYY70gdGzdnB,4WLcEC8RoscRuzmNf2EeXf
3E88dLx4fgFYY70gdGzdnB,6SvRYfsIeNSVV2EAH7I9P0
3E88dLx4fgFYY70gdGzdnB,0nUCaKwNqO5whVAhEX1A1R
3E88dLx4fgFYY70gdGzdnB,1pQQRiL4O3weDAqk85hrYN
3E88dLx4fgFYY70gdGzdnB,4omLxn4XuiHhpwTpO9Yj68
3E88dLx4fgFYY70gdGzdnB,2N5mE30V04xDvsX2caDLlj
3E88dLx4fgFYY70gdGzdnB,02lvTeAFIIsOd0wVNoRkQ5
3E88dLx4fgFYY70gdGzdnB,7pgv0D1HCBAFbGHNqHmegV
3E88dLx4fgFYY70gdGzdnB,1WttHhgIl0N0vXZYrOxF0C
3E88dLx4fgFYY70gdGzdnB,3uaVLkgDqlYy153yFBUVtl
3E88dLx4fgFYY70gdGzdnB,6IAVxNFi1W88UhDeyvOsdo
3E88dLx4fgFYY70gdGzdnB,6VH7sh6fC6YPi297UC2Fkg
3E88dLx4fgFYY70gdGzdnB,5CTAcf8aS0a0sIsDwQRF9C
3E88dLx4fgFYY70gdGzdnB,5HJiNvg6s7ovq5kPrztHKp
3E88dLx4fgFYY70gdGzdnB,00ITtxUozN0vifE2uYvtqn
3E88dLx4fgFYY70gdGzdnB,3OCQ5ybKASY4EIb4i9hsd7
3E88dLx4fgFYY70gdGzdnB,06UXtRLTF6kdMSM3uaVCCU
3E88dLx4fgFYY70gdGzdnB,0TpWjIOuNMnpuRjriPbGiF
3E88dLx4fgFYY70gdGzdnB,6jtctBYvybxCAmlg7nT6CS
3E88dLx4fgFYY70gdGzdnB,16aW2zHbbpDDoSy0HCA8xc
3E88dLx4fgFYY70gdGzdnB,5T8EDUDqKcs6OSOwEsfqG7
3E88dLx4fgFYY70gdGzdnB,2YrfSHux2BaTXQs1535EHC
3E88dLx4fgFYY70gdGzdnB,5p6xhgQCwzX0G9PadMU9GA
3E88dLx4fgFYY70gdGzdnB,32wghPySDJ1mNdqhwW9YMh
3E88dLx4fgFYY70gdGzdnB,5vdp5UmvTsnMEMESIF2Ym7
3E88dLx4fgFYY70gdGzdnB,3vVSwkIqE7j6AaIxsxXzNA
3E88dLx4fgFYY70gdGzdnB,6xdLJrVj4vIXwhuG8TMopk
3E88dLx4fgFYY70gdGzdnB,4w09y5LHv5vJDZO4hWS846
3E88dLx4fgFYY70gdGzdnB,0V7AVcMTaQqLKzxVloxWHj
3E88dLx4fgFYY70gdGzdnB,4tmERaVkzL7X64Oku4vDo0
3E88dLx4fgFYY70gdGzdnB,4xSDpJJNXAUis65Ogl7f7i
3E88dLx4fgFYY70gdGzdnB,1pBFEy8cz0Fq4Pru0c4awd
3E88dLx4fgFYY70gdGzdnB,3S1RgaEOY4JxjIIS0kt5Nu
3E88dLx4fgFYY70gdGzdnB,4ejjjAuVya6bapdTjZE9Lx
3E88dLx4fgFYY70gdGzdnB,14YQ2SSnv07HZjPP4Ud9mX
3E88dLx4fgFYY70gdGzdnB,26FJA5apYWeehOGnZdUPob
3E88dLx4fgFYY70gdGzdnB,6nnH5zeFZOH3HMpEOG5DLg
3E88dLx4fgFYY70gdGzdnB,30vbOgHRjyUbUZ1KWOY11C
3E88dLx4fgFYY70gdGzdnB,6xYHezItSIXOpxMvrVRJTb
3E88dLx4fgFYY70gdGzdnB,47KKOdexdhKL2jgX673WrW
3E88dLx4fgFYY70gdGzdnB,3QfLERjG54GUIAS9w86kul
3E88dLx4fgFYY70gdGzdnB,7nhWtCc3v6Vem80gYPlppQ
5d1arTPDEr76KMg9geDinZ,4GetBW8bJ8lB2Y9ugFb30p
37i9dQZF1DWXRqgorJj26U,2aSFLiDPreOVP6KHiWk4lF
37i9dQZF1DWXRqgorJj26U,7o2CTH4ctstm8TNelqjb51
37i9dQZF1DWXRqgorJj26U,1AhDOtG9vPSOmsWgNW0BEY
37i9dQZF1DWXRqgorJj26U,57JVGBtBLCfHw2muk5416J
37i9dQZF1DWXRqgorJj26U,3YBZIN3rekqsKxbJc9FZko
37i9dQZF1DWXRqgorJj26U,54flyrjcdnQdco7300avMJ
37i9dQZF1DWXRqgorJj26U,0eFvoRSTTaR2q8bSWVjwfp
5BygwTQ3OrbiwVsQhXFHMz,1pwE0jB6MTtTWx8fzqriAj
37i9dQZF1DXdOEFt9ZX0dh,7GqWnsKhMtEW0nzki5o0d8
37i9dQZF1DXdOEFt9ZX0dh,6cFZ4PLC19taNlpl9pbGMf
37i9dQZF1DXdOEFt9ZX0dh,5Q41NLTmGbVPozwHKK7bk2
37i9dQZF1DWYNSm3Z3MxiM,4MhTFsyqIJnjsOweVcU8ug
37i9dQZF1DWYNSm3Z3MxiM,5NIPsWpDjJTFBoPxCUUeXp
6oghIlByD49KFGNmNU8GSH,59CsbfwLNCAUGbBQV3Tki4
3Ho3iO0iJykgEQNbjB2sic,0oWHLtxWeMJhmwxtrxhNK0
3Ho3iO0iJykgEQNbjB2sic,3YXHTOLPqPlSfRqZCHtFol
29dTrOurPDrMcrnio2q6hZ,1u1DBObkLFscNCpRpXbYb9
29dTrOurPDrMcrnio2q6hZ,5Fz2wrKAjhKpWeTwvE1Ct3
29dTrOurPDrMcrnio2q6hZ,71PgBc2BnQtIBq6Ct2jDMO
29dTrOurPDrMcrnio2q6hZ,5ESovjf8cOPtYanYJ26gKy
29dTrOurPDrMcrnio2q6hZ,7yi70YT2UBu5FpNLUUpkc6
29dTrOurPDrMcrnio2q6hZ,3ulPX3lyADhCnIaxJv8nxv
29dTrOurPDrMcrnio2q6hZ,5HkFTCxSeJ3kGNyQJbT4rJ
6gUFdcGzKAHyDXY9TKC6cP,7tFiyTwD0nx5a1eklYtX2J
6gUFdcGzKAHyDXY9TKC6cP,6AAa4zIwllv49ACRh2ndLh
37i9dQZF1DX1lwxXvReaux,0bVtevEgtDIeRjCJbK3Lmv
76lrxCrKrGDkDDf3SVPnl3,2GAIycsMaDVtMtdvxzR2xI
76lrxCrKrGDkDDf3SVPnl3,2U9v51tNOoLRhwrU6j83uU
76lrxCrKrGDkDDf3SVPnl3,4OKf7CcYuw5H2HptkcKxcP
7CESj1xKbxdArRzloygvkl,7gXdAqJLCa5aYUeLVxosOz
7CESj1xKbxdArRzloygvkl,5vdp5UmvTsnMEMESIF2Ym7
7CESj1xKbxdArRzloygvkl,4igIYHF3B5VBxEafHauVo3
0tOy7ZY4E2PadXIyj8zU43,2N2yrmodOnVF10mKvItC9P
0tOy7ZY4E2PadXIyj8zU43,4JiEyzf0Md7KEFFGWDDdCr
0tOy7ZY4E2PadXIyj8zU43,7o2CTH4ctstm8TNelqjb51
2bOjjgN1S3Gqd8vSMyafvJ,1lCRw5FEZ1gPDNPzy1K4zW
2bOjjgN1S3Gqd8vSMyafvJ,2fuCquhmrzHpu5xcA1ci9x
3e6gYPyrTbaB8BWgSHCt5j,3cMunJsyeFbyYm7X3LgW9T
3e6gYPyrTbaB8BWgSHCt5j,65NTcXUtOb27NHKQ4fAcw0
37i9dQZF1DX68H8ZujdnN7,5Q41NLTmGbVPozwHKK7bk2
37i9dQZF1DX68H8ZujdnN7,5NIPsWpDjJTFBoPxCUUeXp
37i9dQZF1DX68H8ZujdnN7,4MhTFsyqIJnjsOweVcU8ug
3Ho3iO0iJykgEQNbjB2sic,0oWHLtxWeMJhmwxtrxhNK0
3Ho3iO0iJykgEQNbjB2sic,6cFZ4PLC19taNlpl9pbGMf
3Ho3iO0iJykgEQNbjB2sic,3YXHTOLPqPlSfRqZCHtFol
55ybnG2z8rpTIerRfnCsw6,5r9AgnhkPQXeKG1w5rauDq
55ybnG2z8rpTIerRfnCsw6,2C4aYxNpoPkmoZ3ZdPeuOB
55ybnG2z8rpTIerRfnCsw6,2bHQrsgmBzX5WF7thpMZrV
3sv5ViKoPDNnZRsklzEGMN,7gXdAqJLCa5aYUeLVxosOz
1gAeQGQ7hr2q7IYmaejDW6,4FYeIka527pqJV5Jm5EXai
1gAeQGQ7hr2q7IYmaejDW6,1kDYCn9VIDmOIbLZ2Xc7OO
1gAeQGQ7hr2q7IYmaejDW6,2pDPnlF496mf3EBwrTCHN2
1gAeQGQ7hr2q7IYmaejDW6,1dM25yro2mjIAO5D1SvFDr
0y8MUle9Lf8VDNjPsskzJB,5txoZyuAmtCfmDjUCEphWm
6pZlZ20vt3aDjIKw98aBtQ,4WLcEC8RoscRuzmNf2EeXf
6pZlZ20vt3aDjIKw98aBtQ,2Cc4xF0pwkk3G3VE1YofUu
6pZlZ20vt3aDjIKw98aBtQ,7Dk2q3NMtkiHNAA4DuHIGF
1NIX36ZFWEtgXSbSNghoue,7o2CTH4ctstm8TNelqjb51
1NIX36ZFWEtgXSbSNghoue,3YBZIN3rekqsKxbJc9FZko
1NIX36ZFWEtgXSbSNghoue,0bVtevEgtDIeRjCJbK3Lmv
37i9dQZF1DXd8Gn5cSmvFy,6xUy203RnyyOfbqf96Nven
2SRbIs0eBQwHeTP7kErjwo,3TKpJrY9q49Mj1JOsM9zGL
2SRbIs0eBQwHeTP7kErjwo,0U6bQIAh6MCGo1xjbIIx2S
2SRbIs0eBQwHeTP7kErjwo,5YN0zHycJ0Yxz31A5QsVov
2SRbIs0eBQwHeTP7kErjwo,7Feaw9WAEREY0DUOSXJLOM
37i9dQZF1DX1bDvyV0IkZ3,5sWevAyvYSRzGpIsdsRvJi
0vbtbmyihyvl2MVYrdKdGw,53Y0kdCa1CZ9gRqEuknfwy
0vbtbmyihyvl2MVYrdKdGw,3vv9phIu6Y1vX3jcqaGz5Z
3pS63EDS40FVGYL41zAcU4,4kT9iDGAQt83gOUdbTUtaW
3pS63EDS40FVGYL41zAcU4,3nc420PXjTdBV5TN0gCFkS
3pS63EDS40FVGYL41zAcU4,1i1fxkWeaMmKEB4T7zqbzK
37i9dQZF1DWSTc9FdySHtz,7BKLCZ1jbUBVqRi2FVlTVw
2kKzN3kRYDzBctlaWs7CP2,0U6bQIAh6MCGo1xjbIIx2S
4JkkvMpVl4lSioqQjeAL0q,1SNiXDwSilLujcYdvfqVpT
4JkkvMpVl4lSioqQjeAL0q,6wo37KVqFJhtuxPTpLCcfe
4JkkvMpVl4lSioqQjeAL0q,7BKLCZ1jbUBVqRi2FVlTVw
4JkkvMpVl4lSioqQjeAL0q,5ry2OE6R2zPQFDO85XkgRb
2kY6lVc5EcVfI5WNKmPQQG,2a1o6ZejUi8U3wzzOtCOYw
2kY6lVc5EcVfI5WNKmPQQG,2rXZir7PFYmCw93pK3iVaW
2kY6lVc5EcVfI5WNKmPQQG,43CL49bukqUMNxontuQtR2
2kY6lVc5EcVfI5WNKmPQQG,0Mk48GaMgw0qz0auSymuHd
0k2IDDkcVyIpIgE6d1woDM,4yb5Z9dwnKhO9gC0AZQYDe
5SO7xYih5w8X5FEpKvU7Rt,0TlLq3lA83rQOYtrqBqSct
37i9dQZF1DWY7IeIP1cdjF,3o7TK4inMYzJC3ZMJCWsRC
7xWuNevFBmwnFEg6wzdCc7,417Lz9vsyAlnPkOZFMiJib
37i9dQZF1DX8SfyqmSFDwe,48NXpYRuvv9izul4oXhqS9
37i9dQZF1DX8SfyqmSFDwe,26RZ3DhnVlytdG6N1oxW1E
37i9dQZF1DX8SfyqmSFDwe,32SmDHzbqYRAhX9Jq4gDnT
37i9dQZF1DX8SfyqmSFDwe,69Ej1xrGjOcHvIMtMKxK0G
37i9dQZF1DX8SfyqmSFDwe,3gvGnkmg8zVZdBAx4B7Cvq
37i9dQZF1DX8SfyqmSFDwe,2U4kPiipwfc2oHmd0nGoj5
37i9dQZF1DX8SfyqmSFDwe,5nJaS3PEpyPfaWiLxIGtRX
37i9dQZF1DX8SfyqmSFDwe,4BxzNZpcm1j3JczZzGNe2k
37i9dQZF1DX10zKzsJ2jva,4yb5Z9dwnKhO9gC0AZQYDe
37i9dQZF1DWWU6Rfto8Ppm,7EjH9riHigml4DfyaAoHGr
37i9dQZF1DWWU6Rfto8Ppm,1ji6mY9Gv7dO48rohMIr6p
37i9dQZF1DWWU6Rfto8Ppm,4s7DK08ZqqU5EnjvQ6Vlle
37i9dQZF1DWWU6Rfto8Ppm,7zK02QSoQlMO0RAVqN0CI7
37i9dQZF1DXco4ODkIraMD,2rXZir7PFYmCw93pK3iVaW
42E6uFhL4e2nXmbmeigwXb,4WEJrZwPMwsAUks6GOhnsz
42E6uFhL4e2nXmbmeigwXb,59VfSMPf55wSYTdZjQCHN6
42E6uFhL4e2nXmbmeigwXb,5YiYgzELh2M8I3LyLOMnNz
31hG19URdBvLEpQWKFYfdD,3mRC75ORY0GOABiqe1uZIg
31hG19URdBvLEpQWKFYfdD,1hDCvZHOJiUbTPHLGjuv3L
31hG19URdBvLEpQWKFYfdD,0vnzk4L0JyMODSqLp3pHwo
31hG19URdBvLEpQWKFYfdD,4f49sFQko7jHLEFd3tCf5p
31hG19URdBvLEpQWKFYfdD,6dSoW6hE1DZ0cnGbEN3tMs
31hG19URdBvLEpQWKFYfdD,7y3q0izJ5weq86CLTu71u1
31hG19URdBvLEpQWKFYfdD,3kD4wY5ODucuaCv78278Fb
31hG19URdBvLEpQWKFYfdD,3FwSgJI8kdxuBJXHGRLhOi
31hG19URdBvLEpQWKFYfdD,3NgDulHteTVdF026IxY5bW
31hG19URdBvLEpQWKFYfdD,6W3ZaOQ1pAw1WDMq1Ljibk
31hG19URdBvLEpQWKFYfdD,4phHbFt0h1NRXIgMNM8t0Q
4csIMGPI3aGo3Xy7WG8jBi,1AMMH22Y62rF3PDLTVhIFL
0si5tw70PIgPkY1Eva6V8f,4m2bEwpdeprzAh5iLJagYx
0si5tw70PIgPkY1Eva6V8f,1JYKbarxvGPD5ml1P2O9H7
0si5tw70PIgPkY1Eva6V8f,67L03LeXeZ73X7opELnh5P
0si5tw70PIgPkY1Eva6V8f,5Mz30xAlgBsPHWmOAPm0yJ
37i9dQZF1DWYBUdckfg1va,6gokadtiVvFO0nuAoOLX98
37i9dQZF1DWYBUdckfg1va,6w5wRGoHWI7Ktt9lQBLQig
37i9dQZF1DWYBUdckfg1va,79zvVrn65ksbiGQxrtV4I5
37i9dQZF1DWYBUdckfg1va,1PZrHbJjt5t7dP9OGRxcD0
37i9dQZF1DWYBUdckfg1va,7KSXAZLs1uv0qSA4GktduG
37i9dQZF1DWYBUdckfg1va,4cyYC67XY3weSVmSLdKLP8
37i9dQZF1DWYBUdckfg1va,2Nf6VvmpR3LqSLfHvsduMD
37i9dQZF1DWYBUdckfg1va,3Tqf2Y1dGgr7j3mtunEFaQ
37i9dQZF1DWYBUdckfg1va,2a1o6ZejUi8U3wzzOtCOYw
37i9dQZF1DWYBUdckfg1va,43CL49bukqUMNxontuQtR2
37i9dQZF1DWYBUdckfg1va,7rvILFySMopzPchZq9Bnmf
37i9dQZF1DWYBUdckfg1va,0BenZn1xELuxhb7Pjwyjxv
37i9dQZF1DWYBUdckfg1va,2y20Y2PP4EFCbdzeGk9WvS
37i9dQZF1DWYBUdckfg1va,3fgcNEuhaTEF5HfOWzh3pV
37i9dQZF1DWYBUdckfg1va,0A7uLa2SqVK5s5Y2V3kCyW
37i9dQZF1DWYBUdckfg1va,6ywkJT7h0rIj8S1QKqAIDE
37i9dQZF1DWYBUdckfg1va,0LcnZnhSQsoa9Dc51tj3wa
37i9dQZF1DWYBUdckfg1va,1Er25HUjQ73Iqc70QfmZPU
37i9dQZF1DWYBUdckfg1va,5fwFQ9hooBZoxdboAHo99Y
37i9dQZF1DWYBUdckfg1va,5Ji2qD1v0TGC5dlKIYA6Oo
37i9dQZF1DWYBUdckfg1va,0cGKcnXQmiyU5WKubrEmDh
37i9dQZF1DWYBUdckfg1va,0aCjE4cpIQxLQcaNAj1xgW
37i9dQZF1DWYBUdckfg1va,5c84PdxrNFJnJXXb7JiaoZ
37i9dQZF1DWYBUdckfg1va,0Mk48GaMgw0qz0auSymuHd
37i9dQZF1DWYBUdckfg1va,12ajClWUHnrqZOeefJxVsU
37i9dQZF1DWYBUdckfg1va,7AObnx2EzL6FeYjmdjPCoA
37i9dQZF1DWYBUdckfg1va,6Ef0wY433zqQm9UsdJLFXp
37i9dQZF1DWYBUdckfg1va,01FBBpA6WBl3arX7pxTFwO
37i9dQZF1DWYBUdckfg1va,6kLqhRVxHP27rd51kt4Fwk
37i9dQZF1DWYBUdckfg1va,7uIRZRw4xM2IcfCP1sSwnD
37i9dQZF1DWYBUdckfg1va,3K0jtXM4i435C6dFQWvgWr
37i9dQZF1DWYBUdckfg1va,15a5yBoHJhHHWjKbyLO10s
37i9dQZF1DWYBUdckfg1va,38yQMFhgXnTFYOnxrbOv9v
37i9dQZF1DWYBUdckfg1va,4joRJ9BbN4S3PxvCehX73Y
37i9dQZF1DWYBUdckfg1va,7qvWz9AsvPmXlIWZ94VFpj
37i9dQZF1DWYBUdckfg1va,5xPgLR8hKsPWlOBnurBi20
37i9dQZF1DWYBUdckfg1va,03wOwEbTS3JR2Y2U0TxkFx
37i9dQZF1DWYBUdckfg1va,7yxWmnTrXBxevDiMf2qrqI
37i9dQZF1DWYBUdckfg1va,3spqYs23KuMYNRDv0ReTEK
4JkkvMpVl4lSioqQjeAL0q,1SNiXDwSilLujcYdvfqVpT
4JkkvMpVl4lSioqQjeAL0q,6wo37KVqFJhtuxPTpLCcfe
4JkkvMpVl4lSioqQjeAL0q,7BKLCZ1jbUBVqRi2FVlTVw
4JkkvMpVl4lSioqQjeAL0q,5ry2OE6R2zPQFDO85XkgRb
3nH8aytdqNeRbcRCg3dw9q,5YTMV11r6H8eeKuHghbBql
3nH8aytdqNeRbcRCg3dw9q,2U4kPiipwfc2oHmd0nGoj5
3nH8aytdqNeRbcRCg3dw9q,43CL49bukqUMNxontuQtR2
3gV6KQYZKIuoWml0094vx6,6qUSs4FDzZUdAhY6JDIJfa
2rg9LCyvaMQvnCE2hVndpR,12VWzyPDBCc8fqeWCAfNwR
2rg9LCyvaMQvnCE2hVndpR,7fJtPlEZKxu6gvkfBFc5tW
2rg9LCyvaMQvnCE2hVndpR,4CpKEkdGbOJV51cSvx7SoG
2rg9LCyvaMQvnCE2hVndpR,27GmP9AWRs744SzKcpJsTZ
2rg9LCyvaMQvnCE2hVndpR,334S9SWZMjyRDN0wrHw7wk
2rg9LCyvaMQvnCE2hVndpR,0i5hJIL7yApCPcyVRdYQxj
2rg9LCyvaMQvnCE2hVndpR,4s7DK08ZqqU5EnjvQ6Vlle
2rg9LCyvaMQvnCE2hVndpR,0A7uLa2SqVK5s5Y2V3kCyW
2rg9LCyvaMQvnCE2hVndpR,0BenZn1xELuxhb7Pjwyjxv
2rg9LCyvaMQvnCE2hVndpR,1qLeX26IEu3kPWxPfyBMGd
2rg9LCyvaMQvnCE2hVndpR,4faQPCxOllqodjw02kmRAu
2rg9LCyvaMQvnCE2hVndpR,2LQMEzryklBEgQQE3X6Puz
2rg9LCyvaMQvnCE2hVndpR,69Ej1xrGjOcHvIMtMKxK0G
2rg9LCyvaMQvnCE2hVndpR,4phHbFt0h1NRXIgMNM8t0Q
2rg9LCyvaMQvnCE2hVndpR,15a5yBoHJhHHWjKbyLO10s
2rg9LCyvaMQvnCE2hVndpR,79zvVrn65ksbiGQxrtV4I5
2rg9LCyvaMQvnCE2hVndpR,0Mk48GaMgw0qz0auSymuHd
2rg9LCyvaMQvnCE2hVndpR,6NMNgWgEAzde5M8U3lc6FN
2rg9LCyvaMQvnCE2hVndpR,3nXxENgerStJd7S7fx9RzC
2rg9LCyvaMQvnCE2hVndpR,3hmjFpxcBeqX2ValXW9BBs
2rg9LCyvaMQvnCE2hVndpR,5icsFs29pVsNjZdv2ckUGP
2rg9LCyvaMQvnCE2hVndpR,59VfSMPf55wSYTdZjQCHN6
6a66cg3HcsjYkisYyQcov6,0lHAMNU8RGiIObScrsRgmP
6a66cg3HcsjYkisYyQcov6,1tAutlhI9FwnKn7fVgmd5P
7EPbNmUW9nkRplDLSN9te4,0U6bQIAh6MCGo1xjbIIx2S
7EPbNmUW9nkRplDLSN9te4,3o7TK4inMYzJC3ZMJCWsRC
3hR2R6szlkwZeGyclTgHcF,6DXLO8LndZMVOHM0wNbpzg
3hR2R6szlkwZeGyclTgHcF,1MQf5l7HVrFWnqaDWMmP88
3hR2R6szlkwZeGyclTgHcF,5EOLsMBMXN4NClB64pHKWk
3hR2R6szlkwZeGyclTgHcF,0vnzk4L0JyMODSqLp3pHwo
3hR2R6szlkwZeGyclTgHcF,1xznGGDReH1oQq0xzbwXa3
3hR2R6szlkwZeGyclTgHcF,11KJSRSgaDxqydKYiD2Jew
3hR2R6szlkwZeGyclTgHcF,1UfBAJfmofTffrae5ls6DA
5fWgI0IJ1el5NB1sZ0Egsx,3XQYggN24rz4gU9UoVwOYm
0SqaMfNsngZCpPw0UuelA7,2a1o6ZejUi8U3wzzOtCOYw
5WNUX6jisX0NRlVDTm6RDd,5r7WvQtyPfy1xch5zMgGRp
1fqkbjEACMlekdddm5aobE,0ZBP7LB2JvzoaKsBFElGRF
1fqkbjEACMlekdddm5aobE,6wo37KVqFJhtuxPTpLCcfe
4Pbs84EQbuAblxlp6Chz0d,0TiC3GtlMCskf2hIUIBcDV
4Pbs84EQbuAblxlp6Chz0d,7y6c07pgjZvtHI9kuMVqk1
4Pbs84EQbuAblxlp6Chz0d,3ppVO2tyWRRznNmONvt7Se
4Pbs84EQbuAblxlp6Chz0d,4c2xt1trwYZpMqPWY35Xi9
0UXwwVDipbBQeEX7h4YuKU,1qyFlfPREPbRcS2BNszdYI
0UXwwVDipbBQeEX7h4YuKU,5ry2OE6R2zPQFDO85XkgRb
0UXwwVDipbBQeEX7h4YuKU,4n4BflhWjCHIxrI4v7Xt9s
0UXwwVDipbBQeEX7h4YuKU,2xUHiyGeGrWmmfv7NbDTWC
6HaCi9bqaiuSZEDfCEmwyo,3jipFRgLyKK0oJoG1pKicx
6HaCi9bqaiuSZEDfCEmwyo,0w1ZtnzQmtmuuoKxHT0pLL
6HaCi9bqaiuSZEDfCEmwyo,343YBumqHu19cGoGARUTsd
6HaCi9bqaiuSZEDfCEmwyo,1zi7xx7UVEFkmKfv06H8x0
6HaCi9bqaiuSZEDfCEmwyo,7JXZq0JgG2zTrSOAgY8VMC
6HaCi9bqaiuSZEDfCEmwyo,0V4l4GQhgnWQGtCWpvA7va
6HaCi9bqaiuSZEDfCEmwyo,124NFj84ppZ5pAxTuVQYCQ
6HaCi9bqaiuSZEDfCEmwyo,047fCsbO4NdmwCBn8pcUXl
5CK0fshHcik1vWyeCc0zat,0mkjekH9rwp4Fg5PxzUTrd
5CK0fshHcik1vWyeCc0zat,5dHpbFmZjWucrol0M7aNGU
5CK0fshHcik1vWyeCc0zat,48S3Pfu533qMMgHXmV1ruh
5CK0fshHcik1vWyeCc0zat,31LIXek4OCRgKJn4RWg5Yb
5CK0fshHcik1vWyeCc0zat,2xpoTj7AeSFVuvD0ibD3Pg
37i9dQZF1DWTDafB3skWPN,0JoaFxLgrqbWutREzcZBzS
3xMQTDLOIGvj3lWH5e5x6F,3TKpJrY9q49Mj1JOsM9zGL
1Sc7bobknESH7SXQcnmoX5,0TlLq3lA83rQOYtrqBqSct
1Sc7bobknESH7SXQcnmoX5,6DCZcSspjsKoFjzjrWoCdn
1Sc7bobknESH7SXQcnmoX5,2G7V7zsVDxg1yRsu7Ew9RJ
1Sc7bobknESH7SXQcnmoX5,2Vx8E3K5icPZR7OCklWBXX
1Sc7bobknESH7SXQcnmoX5,0bAkKNCQfWkexHFn7fIKns
1Sc7bobknESH7SXQcnmoX5,1v1IXPXl73Z7zy6f5tUa9n
1Sc7bobknESH7SXQcnmoX5,2XW4DbS6NddZxRPm5rMCeY
3tmx4p5RGlOV1AapXOt1Ze,0fTiDOXRNEN0lUeYGoSHml
3tmx4p5RGlOV1AapXOt1Ze,2cooNqkhh52uvZJeHTHUm4
3tmx4p5RGlOV1AapXOt1Ze,1SNiXDwSilLujcYdvfqVpT
3tmx4p5RGlOV1AapXOt1Ze,6wo37KVqFJhtuxPTpLCcfe
4JkkvMpVl4lSioqQjeAL0q,7BKLCZ1jbUBVqRi2FVlTVw
4JkkvMpVl4lSioqQjeAL0q,5ry2OE6R2zPQFDO85XkgRb
7ENISpOJhocpMJVcGb0qcT,7jqDzXJS0K0Re8uphYNit0
7ENISpOJhocpMJVcGb0qcT,0OlnLZY4cmQzT6ZGttvWBM
7ENISpOJhocpMJVcGb0qcT,6Na5uKk5SsqZimk0hAWo8y
7ENISpOJhocpMJVcGb0qcT,3vv9phIu6Y1vX3jcqaGz5Z
48AzM7l4M02DBYd2N3IFLP,3ppVO2tyWRRznNmONvt7Se
317O0e8iWJLClLGDKtieRe,2Ceq5Ty6rJqazoZIWyS0Vc
317O0e8iWJLClLGDKtieRe,15BlympuVSfZFROojEMY2M
1G0q0NK7g3C0XerNqq7GbL,22zxLxXlXrBIm7XaazHNrg
1G0q0NK7g3C0XerNqq7GbL,7ENBXir2EaAuMnCZUQIDoL
1G0q0NK7g3C0XerNqq7GbL,3wSrPtJpnGaUC2hOmJy0BV
1G0q0NK7g3C0XerNqq7GbL,2vfiK6HFMl34UzBxq4NNSK
1G0q0NK7g3C0XerNqq7GbL,0mV5JWhyUFANd9qpwLkM8d
1G0q0NK7g3C0XerNqq7GbL,5dS2dvXVPe7AR6UwBpnomW
1G0q0NK7g3C0XerNqq7GbL,4aTtHoSBB0CuQGA6vXBNyp
25ButZrVb1Zj1MJioMs09D,3GT2CBmJWIEdCpHiB31WYK
25ButZrVb1Zj1MJioMs09D,0LtKw37CYqXqsRF9pyDGGx
25ButZrVb1Zj1MJioMs09D,7pWK1kMgHy5lNNiIfuRbkP
6k45gxiQhfVqACfIdqONsC,47knrBbYhqtrggWYSkU6h1
6k45gxiQhfVqACfIdqONsC,5w00Xed2Okc8qZ9s5zOhbe
54XvQQsViMBwjO1ws2o2wx,2UdCIrsZR9bw96kcLAyAyh
54XvQQsViMBwjO1ws2o2wx,5YN0zHycJ0Yxz31A5QsVov
54XvQQsViMBwjO1ws2o2wx,1sI9LpIHEEzQwSVnp8oyfD
54XvQQsViMBwjO1ws2o2wx,18KjYhghq6K3ZmfcewWDp6
54XvQQsViMBwjO1ws2o2wx,58ctD8HaEUXJkdv7TTsmG8
54XvQQsViMBwjO1ws2o2wx,7IWTIkiWGWNQyYfOLdMrGD
54XvQQsViMBwjO1ws2o2wx,4ut5G4rgB1ClpMTMfjoIuy
54XvQQsViMBwjO1ws2o2wx,5EwwwdsQfKI8ZnFG93j5Zu
54XvQQsViMBwjO1ws2o2wx,5oAgI7Pzg6vxuKrfapg3Pi
54XvQQsViMBwjO1ws2o2wx,1Sl3njkhhz8nrSPZroDQ82
54XvQQsViMBwjO1ws2o2wx,5K3NDUPkLe46b5DRMt2RNJ
54XvQQsViMBwjO1ws2o2wx,2Yp9RZD8reu2mQ2mgFGfOZ
2Tisn6NZbeofpc57Oc6MGo,0OMds9VuIlMusNnBt4vgMQ
2Tisn6NZbeofpc57Oc6MGo,2Ubw4Bs0yzYm4vtPTvtFwQ
2Tisn6NZbeofpc57Oc6MGo,1fG3qsNKRnbBji58Rb5SW8
2Tisn6NZbeofpc57Oc6MGo,3BC5s3KuoL1lhtllHkY4lV
2Tisn6NZbeofpc57Oc6MGo,10BTymGGrWHokwzbHlkDl2
2Tisn6NZbeofpc57Oc6MGo,5ZnzVZrSja6miEOxZIV8Q6
2Tisn6NZbeofpc57Oc6MGo,3m3OwRXheUtBRKmcVNUsFo
2Tisn6NZbeofpc57Oc6MGo,0HSHOXIDMwhFbXHnaxpvxE
2Tisn6NZbeofpc57Oc6MGo,6oheWhUHTYSegLGV9x3BMd
2Tisn6NZbeofpc57Oc6MGo,4kcsjzzTSW263lhs5VOhVa
2Tisn6NZbeofpc57Oc6MGo,2BF1X5nkYYSb0AUTRaGkDm
2Tisn6NZbeofpc57Oc6MGo,4ZkVOb0mNnm3MFY2LeyqHY
2Tisn6NZbeofpc57Oc6MGo,0MyfJah9XRKoF68chrxVmZ
2Tisn6NZbeofpc57Oc6MGo,7wZorJD5loL9ceLJ67sg6S
2Tisn6NZbeofpc57Oc6MGo,6F1kPSgdnlSzZRfskE9vaV
2Tisn6NZbeofpc57Oc6MGo,79IZKAygtVmTcVnJ2mlaIS
2Tisn6NZbeofpc57Oc6MGo,23L5CiUhw2jV1OIMwthR3S
2Tisn6NZbeofpc57Oc6MGo,6uCsQ6JlUCEKTRhC2kQjPK
2Tisn6NZbeofpc57Oc6MGo,1NKCqXjcYZ81Budit2CQMh
2Tisn6NZbeofpc57Oc6MGo,3lBoISh2FvtpdQt1lsU9nN
2Tisn6NZbeofpc57Oc6MGo,4KX39APEOO2EgiZFkcJOfR
2Tisn6NZbeofpc57Oc6MGo,7Jwe4iWB1G6c7TE7fRedrm
2Tisn6NZbeofpc57Oc6MGo,5ZvAZJEH4R4YEbZegv1VDK
2Tisn6NZbeofpc57Oc6MGo,2MyJqg3BXc0vAD8KUtKHkS
2Tisn6NZbeofpc57Oc6MGo,389MC596K4IN35zaHAyuYz
2Tisn6NZbeofpc57Oc6MGo,590BSKBR5povyuY6GPq1T3
2Tisn6NZbeofpc57Oc6MGo,20hsdn8oITBsuWNLhzr5eh
2Tisn6NZbeofpc57Oc6MGo,7qDV8EUMjj5sJdholWKUqk
5GiPRvTccToqwOzkoAcDrY,4s2rzq6ZpCfg5ODq0z79QG
5GiPRvTccToqwOzkoAcDrY,1ReI4ZlpCqZA8AyeWf418b
5GiPRvTccToqwOzkoAcDrY,02q7qbOYbE89NMFEtOklcc
5GiPRvTccToqwOzkoAcDrY,5MgBUUjbkQ27Kd9CbeZFLo
5GiPRvTccToqwOzkoAcDrY,55y30bh2ZUtzOXjWLxn7XT
5GiPRvTccToqwOzkoAcDrY,662vtOAyenh4uGaEP8buDu
5GiPRvTccToqwOzkoAcDrY,27YP211Rr8RezhiFVDLFI8
5GiPRvTccToqwOzkoAcDrY,50RJdoxw8iajGNtHQe6QeS
5GiPRvTccToqwOzkoAcDrY,7J7D2Ezp32LxlYuNTZX48n
5GiPRvTccToqwOzkoAcDrY,1PYsy4cGp3egbeaQDjIGIa
5GiPRvTccToqwOzkoAcDrY,6x7r0lpyqxBKGq8J7LFMeu
5GiPRvTccToqwOzkoAcDrY,5Zpe48RJ5Vs1YuFRodYdeS
5GiPRvTccToqwOzkoAcDrY,0kdVIAjTAkAFo7dYdciDU1
5GiPRvTccToqwOzkoAcDrY,3dqGLyXoP2Bo32eU6Rd8SQ
6KnQDwp0syvhfHOR4lWP7x,6PtXobrqImYfnpIxNsJApa
6KnQDwp0syvhfHOR4lWP7x,5MBhTcvskTrgb6OmLLrOqE
6KnQDwp0syvhfHOR4lWP7x,766RKRQ1ZJjmdBQ9y54HKj
6KnQDwp0syvhfHOR4lWP7x,0hGSr4bb26syMkhIiPGNNe
6KnQDwp0syvhfHOR4lWP7x,2x6hopxvQkOzZTBdEMyUO2
6KnQDwp0syvhfHOR4lWP7x,1toz8k7rYIw4FS5jOSXxYH
6KnQDwp0syvhfHOR4lWP7x,6KUyWWP7El9TZqzrDwdO9s
6KnQDwp0syvhfHOR4lWP7x,5wQeCrJTJxGZnILnyCBHjI
4GSiiL8tcMgvoV7K1IADb8,6RnkFd8Fqqgk1Uni8RgqCQ
3S03NWbWkrR1e7DPH9rf9Z,37FfCz1YODL6NAuWfxUzJh
3S03NWbWkrR1e7DPH9rf9Z,6RnkFd8Fqqgk1Uni8RgqCQ
3S03NWbWkrR1e7DPH9rf9Z,7ENBXir2EaAuMnCZUQIDoL
3S03NWbWkrR1e7DPH9rf9Z,1geovaCdfs5fSa4NNgFPVe
3S03NWbWkrR1e7DPH9rf9Z,7sV8l9oBVkyNlHXgZQZg6a
3PNyCpkY7NAXyhopBpj7vc,3QjCmtOcE0GoiExw1XXcjw
3PNyCpkY7NAXyhopBpj7vc,0Qv5qTV99tE5tRo5Kqde4D
3PNyCpkY7NAXyhopBpj7vc,02q7qbOYbE89NMFEtOklcc
5Bx5niVgi3qGQQw06C0RKq,0Gc1AVYqYOR522Nvz68dsT
5Bx5niVgi3qGQQw06C0RKq,2RTDwuOYrdVrfest9QVLlP
5Bx5niVgi3qGQQw06C0RKq,6AE0G24YXnDyEgE4L0efpB
5Bx5niVgi3qGQQw06C0RKq,3Kl3b2oW6BIQ1yehBpGNi0
5Bx5niVgi3qGQQw06C0RKq,0zaaWhjBOtcxaTFvhL6znM
5Bx5niVgi3qGQQw06C0RKq,135TYaJ0WsivC2Zk7MEX4Y
5Bx5niVgi3qGQQw06C0RKq,4NRyVCNxLelhs9ZqRzbjjp
5Bx5niVgi3qGQQw06C0RKq,6jmTQwFzejCurofZDz7x9k
5Bx5niVgi3qGQQw06C0RKq,25dl9vcAJ9F6D6K35I3Nbw
5Bx5niVgi3qGQQw06C0RKq,45j5Qj9Zv329jaT4qO22MQ
5Bx5niVgi3qGQQw06C0RKq,5M9jOReAKGZ2AttVefFjTY
5Bx5niVgi3qGQQw06C0RKq,2BF1X5nkYYSb0AUTRaGkDm
5Bx5niVgi3qGQQw06C0RKq,6F1kPSgdnlSzZRfskE9vaV
5Bx5niVgi3qGQQw06C0RKq,0uvFFLI3Z6zidLLUsHDVVk
5Bx5niVgi3qGQQw06C0RKq,6oheWhUHTYSegLGV9x3BMd
5Bx5niVgi3qGQQw06C0RKq,2bd7KLt028ssKE0K0WYWXl
5Bx5niVgi3qGQQw06C0RKq,5ZnzVZrSja6miEOxZIV8Q6
5Bx5niVgi3qGQQw06C0RKq,54fgYLd9UtdPZVjx548Ver
5Bx5niVgi3qGQQw06C0RKq,1xMLthTaWJieT9YGV1hyS5
5Bx5niVgi3qGQQw06C0RKq,5c7UATnb0XfIbyIHHfgIMb
5Bx5niVgi3qGQQw06C0RKq,7aCZfs36tXkWVFItKHNGcE
5Bx5niVgi3qGQQw06C0RKq,06dT0EYXrhRQV1MsvWhNGv
5Bx5niVgi3qGQQw06C0RKq,7qfwcqfGOkQYtzjF4UzJHM
5Bx5niVgi3qGQQw06C0RKq,4s2rzq6ZpCfg5ODq0z79QG
5Bx5niVgi3qGQQw06C0RKq,5RVE3ef6pf6bkLRFFv7cfs
5Bx5niVgi3qGQQw06C0RKq,138r3KZpQTolaujmTBuqlY
5Bx5niVgi3qGQQw06C0RKq,6MFzvkEysiwDXYTa7MKUvJ
5Bx5niVgi3qGQQw06C0RKq,1AdfHX1DE79Q6walr15N7c
5Bx5niVgi3qGQQw06C0RKq,1toz8k7rYIw4FS5jOSXxYH
5Bx5niVgi3qGQQw06C0RKq,7qf3VKqcN2retPfpdMGHNu
6vbHQdtfmexb0ptmBSpemm,18KjYhghq6K3ZmfcewWDp6
6vbHQdtfmexb0ptmBSpemm,58ctD8HaEUXJkdv7TTsmG8
6vbHQdtfmexb0ptmBSpemm,4Tvw0lweq9l2JPQKFbpbBQ
6vbHQdtfmexb0ptmBSpemm,0xiDZxhWDGSP6eUKdhs6jx
2EnVd4ugXUybVQoQrarICY,0mV5JWhyUFANd9qpwLkM8d
2EnVd4ugXUybVQoQrarICY,4ut5G4rgB1ClpMTMfjoIuy
7xWdFCrU5Gka6qp1ODrSdK,6dwVoXGSsQ1TTL5aw987pi
7xWdFCrU5Gka6qp1ODrSdK,45GtpfaI7fg7mSZBQTNJss
4QtO2XySphMOJt7pX0yaVi,1jTKIuhvCHygnnY4QnUvyv
4QtO2XySphMOJt7pX0yaVi,76fqWMe0buqQoaNTIbLWmr
4QtO2XySphMOJt7pX0yaVi,1oWQ8tQnoJTXQsn1Il2uMX
4QtO2XySphMOJt7pX0yaVi,0kdVIAjTAkAFo7dYdciDU1
4QtO2XySphMOJt7pX0yaVi,1QxS9R90ukf9T6ukPTu6GC
4QtO2XySphMOJt7pX0yaVi,1xEOoCGmv8rotFDo7n8GAg
4QtO2XySphMOJt7pX0yaVi,1UPyhGntpIx9jGJ5UVtKVS
4QtO2XySphMOJt7pX0yaVi,0NZqgkKllQXoFksQLBcEV9
4QtO2XySphMOJt7pX0yaVi,3gEaSrF7vC2FhfAARGeCoK
4QtO2XySphMOJt7pX0yaVi,1lnXv40bCk2bsc07rmHt1i
4QtO2XySphMOJt7pX0yaVi,5yOQ7KQIHkSX4KDvHFIf9F
4QtO2XySphMOJt7pX0yaVi,1bIKGbR82P2hDuLc4gE3vY
4QtO2XySphMOJt7pX0yaVi,0W6yJKJW8I04iDT6BsINaL
4QtO2XySphMOJt7pX0yaVi,6JYOQ9AM0byHsOvh6hezJl
4QtO2XySphMOJt7pX0yaVi,1CT9ebtobcouQw7G9mZ9AV
6mMk6QCzEgT3QGaCV1R4S5,3TKpJrY9q49Mj1JOsM9zGL
6mMk6QCzEgT3QGaCV1R4S5,7pWK1kMgHy5lNNiIfuRbkP
6mMk6QCzEgT3QGaCV1R4S5,2a3dopgTF1q4rMVDJ1rwBU
6mMk6QCzEgT3QGaCV1R4S5,2UdCIrsZR9bw96kcLAyAyh
6mMk6QCzEgT3QGaCV1R4S5,5GKnsJWmJ3UEkCLasSRZfU
37i9dQZF1DX8SaiEt4OVJw,0Bpkq4z0VfjkO7kUME8gks
4R4c3WdN1Any2Q1NSuec3r,124zAWG7dEMRdA6v6SD0SG
4R4c3WdN1Any2Q1NSuec3r,3F7LKUuasfyLrNCS1thKq0
2oalsaFUockoPf1DU3wrL8,1ml3DHDWKMYaAjWy1NI5n2
2oalsaFUockoPf1DU3wrL8,6C6MLXm77V9VH0v27oJRak
2oalsaFUockoPf1DU3wrL8,4zQhv8XkDaFnd8NdouX2Gd
2oalsaFUockoPf1DU3wrL8,0sNu1RdkrTUg7qmyOZYLgw
2oalsaFUockoPf1DU3wrL8,1w6rw61wFJLFGoELmsrTi3
2oalsaFUockoPf1DU3wrL8,0q7Z447l6zGLWLW1DN29W8
2oalsaFUockoPf1DU3wrL8,4hhDqZgcSUOifI5c1kVOZD
2oalsaFUockoPf1DU3wrL8,087zhxfoAGzPjlaGJz2CuR
2oalsaFUockoPf1DU3wrL8,43jJTO4MBgmaRybAaIHVA3
2oalsaFUockoPf1DU3wrL8,2uBNU3OcfKYTygWZLZHysZ
2oalsaFUockoPf1DU3wrL8,2jBycJEWWfEldBWes79yDl
2oalsaFUockoPf1DU3wrL8,6GNIcpcbeWxSH1TJgmGDl7
2oalsaFUockoPf1DU3wrL8,4CQAOUbUQnKtsnDroEDAHR
2oalsaFUockoPf1DU3wrL8,5uDGa3i2YBIWqJAB2MUtcx
2yofeyPwe0ZNmJHTrGz2Qt,3wSrPtJpnGaUC2hOmJy0BV
7vJOXFe40axY7qS39vGDyH,48Zk4JAM2sKSHLAWqhuxXc
7vJOXFe40axY7qS39vGDyH,7t7oaaj2ZrMgA6evRFZoIh
7vJOXFe40axY7qS39vGDyH,1ahVFh0ViDZr8LvkEVlq3B
7vJOXFe40axY7qS39vGDyH,6qVXkG01rBYGfxIndGOQ3z
7vJOXFe40axY7qS39vGDyH,0mHHOQPGDgDWH5FQRjS9Ib
49EXQVXh5k1t8SOhmUeyU7,23L5CiUhw2jV1OIMwthR3S
6SrHyxIxWfQx9ISEr6yowk,6I8gVxB8KT0XyYKnVyarys
6SrHyxIxWfQx9ISEr6yowk,1F9xcExF9W7m5BxTdlJLED
6SrHyxIxWfQx9ISEr6yowk,1tTitAq9hN8pPiVRlejoBw
6SrHyxIxWfQx9ISEr6yowk,2Y6I8OVTgvz1Yuch4oQJcO
6SrHyxIxWfQx9ISEr6yowk,6kRvtllePaPrrvftGsi9MS
2fbrY1tuoW8Uji14H7623k,12MqM3S0fTvR6X4Jt1Xvn6
2fbrY1tuoW8Uji14H7623k,1i1fxkWeaMmKEB4T7zqbzK
2fbrY1tuoW8Uji14H7623k,2Ubw4Bs0yzYm4vtPTvtFwQ
5CTzufLc0f6MufjKYrIaoO,5xv5YlwHeveuhd31bT21cN
5CTzufLc0f6MufjKYrIaoO,0mV5JWhyUFANd9qpwLkM8d
5CTzufLc0f6MufjKYrIaoO,3TKpJrY9q49Mj1JOsM9zGL
5CTzufLc0f6MufjKYrIaoO,4xdNmYWQFo0ISB7jbTZzMh
5CTzufLc0f6MufjKYrIaoO,22zxLxXlXrBIm7XaazHNrg
5CTzufLc0f6MufjKYrIaoO,7pWK1kMgHy5lNNiIfuRbkP
5CTzufLc0f6MufjKYrIaoO,7ENBXir2EaAuMnCZUQIDoL
5CTzufLc0f6MufjKYrIaoO,3o7TK4inMYzJC3ZMJCWsRC
5CTzufLc0f6MufjKYrIaoO,0U6bQIAh6MCGo1xjbIIx2S
4aUEH3uhbofktrFkXOOaKj,16QhpULFOW9fE2yvXsJV6A
4aUEH3uhbofktrFkXOOaKj,1sI9LpIHEEzQwSVnp8oyfD
4aUEH3uhbofktrFkXOOaKj,35zWpeXJ71mprm8V9GOHpV
4aUEH3uhbofktrFkXOOaKj,3TjLsDgL0bTbSQIF6M5Ki8
4aUEH3uhbofktrFkXOOaKj,7fGn1cjdKNcXtwnPoiiGsN
4aUEH3uhbofktrFkXOOaKj,4B3NahKokb7lLkvaLFZFzn
4aUEH3uhbofktrFkXOOaKj,4hJolpt4ZqzoZuET5l3rzV
4aUEH3uhbofktrFkXOOaKj,5MgBUUjbkQ27Kd9CbeZFLo
4aUEH3uhbofktrFkXOOaKj,76pD98ghY1Hl05aDXzuFmq
1T0ed6Mg0QIruHvcoWWIKy,5YN0zHycJ0Yxz31A5QsVov
1T0ed6Mg0QIruHvcoWWIKy,4ewreCanQVsPzCdRPsq05q
1T0ed6Mg0QIruHvcoWWIKy,4LRezd065bAMvBlpwMAkx6
1T0ed6Mg0QIruHvcoWWIKy,45GtpfaI7fg7mSZBQTNJss
1T0ed6Mg0QIruHvcoWWIKy,1SNiXDwSilLujcYdvfqVpT
1T0ed6Mg0QIruHvcoWWIKy,3AlYAIWuDs2bYLevsTlHVj
1T0ed6Mg0QIruHvcoWWIKy,6dwVoXGSsQ1TTL5aw987pi
1T0ed6Mg0QIruHvcoWWIKy,4CVOUJki8YUWol3jhLphgs
1T0ed6Mg0QIruHvcoWWIKy,0cge96qsW6ifXppeiiRIGd
1T0ed6Mg0QIruHvcoWWIKy,3F7LKUuasfyLrNCS1thKq0
1T0ed6Mg0QIruHvcoWWIKy,37FfCz1YODL6NAuWfxUzJh
1T0ed6Mg0QIruHvcoWWIKy,3GT2CBmJWIEdCpHiB31WYK
1T0ed6Mg0QIruHvcoWWIKy,37pmMCR4KBMXLTZ4uBrLTR
64k01l4j6QtnZ8jMaI84AA,6wo37KVqFJhtuxPTpLCcfe
25ButZrVb1Zj1MJioMs09D,0LtKw37CYqXqsRF9pyDGGx
25ButZrVb1Zj1MJioMs09D,5dS2dvXVPe7AR6UwBpnomW
25ButZrVb1Zj1MJioMs09D,3wSrPtJpnGaUC2hOmJy0BV
6mtYuOxzl58vSGnEDtZ9uB,12VWzyPDBCc8fqeWCAfNwR
6mtYuOxzl58vSGnEDtZ9uB,3UN6cIn3VIyg0z1LCuFSum
0cvVad4XizGbOS0vlwZYS5,4OgmLJAMPDrT3Tc52iaw7Q
0cvVad4XizGbOS0vlwZYS5,0Ew1kz7hJjOTpH5IAwLcSU
0cvVad4XizGbOS0vlwZYS5,1JI70l1lE5IF2tgJm5TnMD
0cvVad4XizGbOS0vlwZYS5,73TU1voolT9RHWGLOHyM0J
0cvVad4XizGbOS0vlwZYS5,4Sdp10fc5XgHxL1VaiMVYN
0cvVad4XizGbOS0vlwZYS5,0Ye1olMyvB2rLjZ4vlYVWI
0cvVad4XizGbOS0vlwZYS5,5sWevAyvYSRzGpIsdsRvJi
0cvVad4XizGbOS0vlwZYS5,7ldlgbsVshuUnFWyimgBxn
0cvVad4XizGbOS0vlwZYS5,2sp1QtoKfxJaSlsu8NOLTn
0cvVad4XizGbOS0vlwZYS5,5pOCxpmhVPYmJqny2LWsDT
0cvVad4XizGbOS0vlwZYS5,0jTFKCb21Yd4UMV5Xk9EUz
2DjIfVDXGYDgRxw7IJTKVb,619bJQ9uDi8dnXzLebFI7y
2DjIfVDXGYDgRxw7IJTKVb,6DCZcSspjsKoFjzjrWoCdn
2DjIfVDXGYDgRxw7IJTKVb,5YPMEOJ58kfl56VHxTgwx3
2DjIfVDXGYDgRxw7IJTKVb,1zi7xx7UVEFkmKfv06H8x0
7CEEEMKV41x0RlFCXWdvKF,5QkVPG2Hf3MmAarireF6lh
7CEEEMKV41x0RlFCXWdvKF,2OSsMwCiZPC44tJ4OPVSZF
7CEEEMKV41x0RlFCXWdvKF,3UEfOvhtrnpw57gDbSixri
7CEEEMKV41x0RlFCXWdvKF,793L9VYMEBkbA6pzT53usi
7CEEEMKV41x0RlFCXWdvKF,1Sl3njkhhz8nrSPZroDQ82
7CEEEMKV41x0RlFCXWdvKF,0iWYUegJm3Ty16VEp69HLs
7CEEEMKV41x0RlFCXWdvKF,6jA8HL9i4QGzsj6fjoxp8Y
7CEEEMKV41x0RlFCXWdvKF,5qEK1dvlPMpOYZTBFPGGPV
6UJw1egIcZVfrBmcKs5uHH,7BKLCZ1jbUBVqRi2FVlTVw
6UJw1egIcZVfrBmcKs5uHH,50RJdoxw8iajGNtHQe6QeS
6UJw1egIcZVfrBmcKs5uHH,0lHAMNU8RGiIObScrsRgmP
6UJw1egIcZVfrBmcKs5uHH,23L5CiUhw2jV1OIMwthR3S
6UJw1egIcZVfrBmcKs5uHH,0wwPcA6wtMf6HUMpIRdeP7
5EgzhnSirHRvu1AqlFLllv,15BlympuVSfZFROojEMY2M
5EgzhnSirHRvu1AqlFLllv,3vv9phIu6Y1vX3jcqaGz5Z
5EgzhnSirHRvu1AqlFLllv,05CwHjIk71RXVU40boRMnR
3d2JFEbvcx7p2CHkBaQeMZ,1dNIEtp7AY3oDAKCGg2XkH
3d2JFEbvcx7p2CHkBaQeMZ,77TT8Xvx637TpzV8kKGkUw
3d2JFEbvcx7p2CHkBaQeMZ,1HfPcQ3c2HyGeID3u1lmCa
3d2JFEbvcx7p2CHkBaQeMZ,2QD4C6RRHgRNRAyrfnoeAo
3d2JFEbvcx7p2CHkBaQeMZ,3ebXMykcMXOcLeJ9xZ17XH
6gHk5RFrnALbDNJdaXKivi,7sG2bWi2eDtvX9vX8yC1Gn
6gHk5RFrnALbDNJdaXKivi,2rizacJSyD9S1IQUxUxnsK
6gHk5RFrnALbDNJdaXKivi,0B8B8cVRFIG1yznoQe7c9s
6gHk5RFrnALbDNJdaXKivi,0JWeXAsgB7Bz9I87hmGpB9
6gHk5RFrnALbDNJdaXKivi,15vzANxN8G9wWfwAJLLMCg
6KnQDwp0syvhfHOR4lWP7x,3BC5s3KuoL1lhtllHkY4lV
6KnQDwp0syvhfHOR4lWP7x,6PtXobrqImYfnpIxNsJApa
6KnQDwp0syvhfHOR4lWP7x,5MBhTcvskTrgb6OmLLrOqE
6KnQDwp0syvhfHOR4lWP7x,766RKRQ1ZJjmdBQ9y54HKj
6KnQDwp0syvhfHOR4lWP7x,0hGSr4bb26syMkhIiPGNNe
6KnQDwp0syvhfHOR4lWP7x,2x6hopxvQkOzZTBdEMyUO2
6KnQDwp0syvhfHOR4lWP7x,1toz8k7rYIw4FS5jOSXxYH
6KnQDwp0syvhfHOR4lWP7x,6KUyWWP7El9TZqzrDwdO9s
6KnQDwp0syvhfHOR4lWP7x,5wQeCrJTJxGZnILnyCBHjI
2JPzPB9jnvJLAYtmCbvZy8,1TcNWttaet1eKCwl2p6Qae
5QaPRbVgbEcCc9jC1UxgD1,2lYTJK94hb0fd1LQtb6Dhk
5QaPRbVgbEcCc9jC1UxgD1,0tgbSxoFjZ20MjfoKwWevV
5QaPRbVgbEcCc9jC1UxgD1,6RnkFd8Fqqgk1Uni8RgqCQ
5PCAWKfUWAUj8VeY8G7xRQ,753Iu3NzP9gFKxcsHbm3aj
1lSdljPk8zcAdXVMUduDia,16QhpULFOW9fE2yvXsJV6A
1lSdljPk8zcAdXVMUduDia,22zxLxXlXrBIm7XaazHNrg
1lSdljPk8zcAdXVMUduDia,3wSrPtJpnGaUC2hOmJy0BV
1lSdljPk8zcAdXVMUduDia,04ahbsJ3AfLwTOXeIimwdH
1lSdljPk8zcAdXVMUduDia,6dwVoXGSsQ1TTL5aw987pi
1lSdljPk8zcAdXVMUduDia,7CTFHf1K6ZuzHANR7g1xk7
1lSdljPk8zcAdXVMUduDia,18KjYhghq6K3ZmfcewWDp6
1lSdljPk8zcAdXVMUduDia,58ctD8HaEUXJkdv7TTsmG8
1lSdljPk8zcAdXVMUduDia,4ut5G4rgB1ClpMTMfjoIuy
1lSdljPk8zcAdXVMUduDia,02q7qbOYbE89NMFEtOklcc
1lSdljPk8zcAdXVMUduDia,7J7D2Ezp32LxlYuNTZX48n
1lSdljPk8zcAdXVMUduDia,0kdVIAjTAkAFo7dYdciDU1
1lSdljPk8zcAdXVMUduDia,06lUC60bYItTvFWGuEKyvt
1lSdljPk8zcAdXVMUduDia,6EJMN1wW6ciSAB57yRLErU
1lSdljPk8zcAdXVMUduDia,5EwwwdsQfKI8ZnFG93j5Zu
1lSdljPk8zcAdXVMUduDia,5oAgI7Pzg6vxuKrfapg3Pi
1lSdljPk8zcAdXVMUduDia,3LewMbGqmR4IYtifSNxbGz
1lSdljPk8zcAdXVMUduDia,0SvTKEBT6vWVqQuEAd1A6w
1lSdljPk8zcAdXVMUduDia,5K3NDUPkLe46b5DRMt2RNJ
1lSdljPk8zcAdXVMUduDia,5dJw4bL9BziBStitvelyAS
1lSdljPk8zcAdXVMUduDia,20hsdn8oITBsuWNLhzr5eh
1lSdljPk8zcAdXVMUduDia,389MC596K4IN35zaHAyuYz
1lSdljPk8zcAdXVMUduDia,3dqGLyXoP2Bo32eU6Rd8SQ
1lSdljPk8zcAdXVMUduDia,55y30bh2ZUtzOXjWLxn7XT
1lSdljPk8zcAdXVMUduDia,4KX39APEOO2EgiZFkcJOfR
1lSdljPk8zcAdXVMUduDia,5qGm4fh5w7VLeAry2SSHqG
1lSdljPk8zcAdXVMUduDia,6x7r0lpyqxBKGq8J7LFMeu
1lSdljPk8zcAdXVMUduDia,4zqdwKxXUQm2NR2HeJEydf
1lSdljPk8zcAdXVMUduDia,0HT6YGHjXKNvnTjGGtur3j
1lSdljPk8zcAdXVMUduDia,4Sdp10fc5XgHxL1VaiMVYN
1lSdljPk8zcAdXVMUduDia,1hl2Nq6SaJnAlQNTPESgzj
7fRlDx99wBg6i45OCvxwKY,7M2t0mMSjLJSweu8BwrY2R
7fRlDx99wBg6i45OCvxwKY,40yIp7jGQGOgbfrnGO5D59
7fRlDx99wBg6i45OCvxwKY,3Lafcv0e7seIvJ3tNUxBzd
7fRlDx99wBg6i45OCvxwKY,7lPYeA9mG7nsokze71Da2L
7fRlDx99wBg6i45OCvxwKY,6eIacmhkE82vZlMDnGS7aP
7fRlDx99wBg6i45OCvxwKY,1CT9ebtobcouQw7G9mZ9AV
7fRlDx99wBg6i45OCvxwKY,2suFmuGiImluGE4yuFms6Z
7fRlDx99wBg6i45OCvxwKY,15Y8RmICSiuyC1wsfatiFg
53Ga3Xt9fumdJfhNNSBvzU,1UPyhGntpIx9jGJ5UVtKVS
53Ga3Xt9fumdJfhNNSBvzU,3cc0xXhN0KMcBQaUzGEEOv
53Ga3Xt9fumdJfhNNSBvzU,7wI7vVQd34lK21uuHLIzog
53Ga3Xt9fumdJfhNNSBvzU,4hhDqZgcSUOifI5c1kVOZD
53Ga3Xt9fumdJfhNNSBvzU,4s2DV3XsCXMN09Wx0E8kCU
53Ga3Xt9fumdJfhNNSBvzU,7LGrlydlwonTN6iz8x5ASe
53Ga3Xt9fumdJfhNNSBvzU,45j5Qj9Zv329jaT4qO22MQ
53Ga3Xt9fumdJfhNNSBvzU,5v54ZQ0glzbB9XUPTaX0cj
53Ga3Xt9fumdJfhNNSBvzU,16SsiQFVS2ZyxqqF5OB7m8
53Ga3Xt9fumdJfhNNSBvzU,6q3xjpQ2c3EwTdk5WvToyA
53Ga3Xt9fumdJfhNNSBvzU,5JKxXqoAkUSKKy61IVT4Re
53Ga3Xt9fumdJfhNNSBvzU,2vdVPrisNiFpq59zuur2my
1HtnPDj2V126xB9tJP786P,7nuPjNAEL3qcEUcZre7rJF
1HtnPDj2V126xB9tJP786P,32a2n4NPXhH3OI06VPLwTA
1HtnPDj2V126xB9tJP786P,77150VeZyBgJ4tpkiXglQ8
1HtnPDj2V126xB9tJP786P,5WZlcp0VzfkcD5E8qAwPFD
1HtnPDj2V126xB9tJP786P,4j6BcyceyKxf8cDKvzd7N7
1HtnPDj2V126xB9tJP786P,75Mdxidet9XgTS9KDZxLOV
1HtnPDj2V126xB9tJP786P,527BJf6rzamNYjWkpcDexu
1HtnPDj2V126xB9tJP786P,28O4PwkH8bzARStxeL4pxL
1HtnPDj2V126xB9tJP786P,5uEdRMxRDaWOA4ZWMOEKM1
1HtnPDj2V126xB9tJP786P,2gtEGntMPE9byfiTa2pRpr
1HtnPDj2V126xB9tJP786P,1HzTvjlL2z1ok5QzfDvPrp
1HtnPDj2V126xB9tJP786P,0eq2B9lsa8hhyYLzxPOnLl
4IS7o1utOzhimFEFnj9gmu,37FfCz1YODL6NAuWfxUzJh
4IS7o1utOzhimFEFnj9gmu,3hwl1Cum23MWL62FykUifP
4IS7o1utOzhimFEFnj9gmu,1c4I73mPr8y6jSmvhfvuZG
4IS7o1utOzhimFEFnj9gmu,6I8gVxB8KT0XyYKnVyarys
4IS7o1utOzhimFEFnj9gmu,0cge96qsW6ifXppeiiRIGd
4IS7o1utOzhimFEFnj9gmu,5Gi8lLH3edcexP99srU1Nl
4IS7o1utOzhimFEFnj9gmu,5iFCdVNg0X6ElfYAsd7RiE
4IS7o1utOzhimFEFnj9gmu,7deNOgcnSseExDbh0rKbeZ
4IS7o1utOzhimFEFnj9gmu,2ce4J8eyrjLRCQlmEx7qRL
4IS7o1utOzhimFEFnj9gmu,7IWTIkiWGWNQyYfOLdMrGD
4IS7o1utOzhimFEFnj9gmu,7wxeGWvf8HNuUeK4k06mOr
2dNitDEHM9FpUGEHWc7zyW,7ENBXir2EaAuMnCZUQIDoL
0o5gKmuET7F3lQnpFxvPO8,5M9jOReAKGZ2AttVefFjTY
0o5gKmuET7F3lQnpFxvPO8,2BF1X5nkYYSb0AUTRaGkDm
0o5gKmuET7F3lQnpFxvPO8,1f2KFoYjUw5CxWxzFKqjEh
0o5gKmuET7F3lQnpFxvPO8,6F1kPSgdnlSzZRfskE9vaV
0o5gKmuET7F3lQnpFxvPO8,6ICtjZyqSTXxAMIu9QN63h
0o5gKmuET7F3lQnpFxvPO8,7wZorJD5loL9ceLJ67sg6S
0o5gKmuET7F3lQnpFxvPO8,1xEOoCGmv8rotFDo7n8GAg
0o5gKmuET7F3lQnpFxvPO8,06EYeMQY1wmjHfMr3mDT0M
5BqOZpVEqRDfZScvW1QUyA,56fwHfJaBpaauvFJrnwk2L
5BqOZpVEqRDfZScvW1QUyA,1jf4zm3rN0CtpHED3g8umw
5BqOZpVEqRDfZScvW1QUyA,0hv6ku4431kPrjbpBBspw3
5BqOZpVEqRDfZScvW1QUyA,0DRi5kNH72KpXeMtODcyzg
5BqOZpVEqRDfZScvW1QUyA,7qfwcqfGOkQYtzjF4UzJHM
5BqOZpVEqRDfZScvW1QUyA,3m3OwRXheUtBRKmcVNUsFo
5BqOZpVEqRDfZScvW1QUyA,2vwSLlS9YDk1rlbkbImV55
5BqOZpVEqRDfZScvW1QUyA,3vVmMB8vMoBT0fSOMLFnML
0FCHg9zJMNNiOokh3hVcxd,4Tvw0lweq9l2JPQKFbpbBQ
0FCHg9zJMNNiOokh3hVcxd,1F9xcExF9W7m5BxTdlJLED
0FCHg9zJMNNiOokh3hVcxd,5tjpOTsbVVbqWRQuymGnuy
0FCHg9zJMNNiOokh3hVcxd,47knrBbYhqtrggWYSkU6h1
73uj4YmsC7SJ6SbUMTvf07,1VLzca7LUFQxYAgEVlGeUa
73uj4YmsC7SJ6SbUMTvf07,2vfiK6HFMl34UzBxq4NNSK
73uj4YmsC7SJ6SbUMTvf07,37pmMCR4KBMXLTZ4uBrLTR
73uj4YmsC7SJ6SbUMTvf07,1ZpyIjwjGyW6Pt5NrQ0f1w
73uj4YmsC7SJ6SbUMTvf07,7yEM9hYRsw9R3pJB5W0gxb
73uj4YmsC7SJ6SbUMTvf07,6VhUSZi0GZQ3k1k6NsL021
73uj4YmsC7SJ6SbUMTvf07,1cN45YtJost0rjvbseomXj
73uj4YmsC7SJ6SbUMTvf07,1ahVFh0ViDZr8LvkEVlq3B
73uj4YmsC7SJ6SbUMTvf07,2dbLCOrqUtJz4mBS9pBtlj
73uj4YmsC7SJ6SbUMTvf07,45GtpfaI7fg7mSZBQTNJss
73uj4YmsC7SJ6SbUMTvf07,7qbTB6m4Wn7CUIM6LzVMYm
73uj4YmsC7SJ6SbUMTvf07,0W6yJKJW8I04iDT6BsINaL
73uj4YmsC7SJ6SbUMTvf07,735f5J0cA4VqAyxmsARit0
73uj4YmsC7SJ6SbUMTvf07,5UHrKSQhNs96msAx8LPVwS
73uj4YmsC7SJ6SbUMTvf07,6lBQ0SMCrJ7zy1LSCuXqwV
73uj4YmsC7SJ6SbUMTvf07,0sfbunyd3a7IFoWwEt8dsk
73uj4YmsC7SJ6SbUMTvf07,27YP211Rr8RezhiFVDLFI8
73uj4YmsC7SJ6SbUMTvf07,44WZ7uXkOKHqzlpLtI6aXK
73uj4YmsC7SJ6SbUMTvf07,1r1AGkq5U0pBBcL9WUqkAh
73uj4YmsC7SJ6SbUMTvf07,0GnSNtOfVCCQ5Wx9rzlWYV
73uj4YmsC7SJ6SbUMTvf07,7cVaJvsIIcgzSdH204p2CX
73uj4YmsC7SJ6SbUMTvf07,2upg54yj5PG52W5igIxspp
4N1ipiKR3xla8UXtE12XBm,6lMNMaq2OaE7UIQiBevauB
4N1ipiKR3xla8UXtE12XBm,5Uj0VnayJKOuP9GmmDPNOx
4N1ipiKR3xla8UXtE12XBm,5qIzTkMpgEFfvkDdr9zJzg
6jI1gFr6ANFtT8MmTvA2Ux,2B8eAzF1rlTOLynq5zgXsG
6jI1gFr6ANFtT8MmTvA2Ux,1jvT3CCQpyysWB1JcqZwSi
6jI1gFr6ANFtT8MmTvA2Ux,4yQpMgnJSWXdjrZr8B8XZz
6jI1gFr6ANFtT8MmTvA2Ux,4tQMd2go7qhp914CTHKdql
6jI1gFr6ANFtT8MmTvA2Ux,1Ca2ELRlvACAeI7xz9c9jR
6jI1gFr6ANFtT8MmTvA2Ux,5QcSDOm6mcvFDl7KBT1fHv
6jI1gFr6ANFtT8MmTvA2Ux,0coMLoVcagZPGF5zxc5RF8